{"name":"svg","type":"element","value":"","attributes":{"width":"36","height":"24","viewBox":"0 0 36 24","fill":"none","xmlns":"http://www.w3.org/2000/svg"},"children":[{"name":"rect","type":"element","value":"","attributes":{"width":"36","height":"24","fill":"white"},"children":[]},{"name":"rect","type":"element","value":"","attributes":{"x":"4","y":"18","width":"4","height":"2","rx":"1","fill":"#E8E9EB"},"children":[]},{"name":"rect","type":"element","value":"","attributes":{"x":"10","y":"18","width":"4","height":"2","rx":"1","fill":"#E8E9EB"},"children":[]},{"name":"rect","type":"element","value":"","attributes":{"x":"16","y":"18","width":"4","height":"2","rx":"1","fill":"#E8E9EB"},"children":[]},{"name":"rect","type":"element","value":"","attributes":{"x":"22","y":"18","width":"4","height":"2","rx":"1","fill":"#E8E9EB"},"children":[]},{"name":"rect","type":"element","value":"","attributes":{"x":"4","y":"14","width":"14","height":"2","rx":"1","fill":"#E8E9EB"},"children":[]},{"name":"rect","type":"element","value":"","attributes":{"x":"4","y":"8","width":"6","height":"4","rx":"1","fill":"#E8E9EB"},"children":[]}]}