{"name":"svg","type":"element","value":"","attributes":{"width":"36","height":"24","viewBox":"0 0 36 24","fill":"none","xmlns":"http://www.w3.org/2000/svg"},"children":[{"name":"rect","type":"element","value":"","attributes":{"width":"36","height":"24","fill":"white"},"children":[]},{"name":"path","type":"element","value":"","attributes":{"d":"M28 16.4762C28 18.1429 26.6064 19.5 24.8949 19.5H8V7.52381C8 5.85714 9.39364 4.5 11.1051 4.5H28V16.4762Z","fill":"white"},"children":[]},{"name":"path","type":"element","value":"","attributes":{"d":"M22.4989 13.4048H23.7825C23.8192 13.4048 23.9048 13.3929 23.9414 13.3929C24.1859 13.3453 24.3938 13.131 24.3938 12.8334C24.3938 12.5476 24.1859 12.3334 23.9414 12.2738C23.9048 12.2619 23.8314 12.2619 23.7825 12.2619H22.4989V13.4048Z","fill":"url(#paint0_linear_126_4175)"},"children":[]},{"name":"path","type":"element","value":"","attributes":{"d":"M23.6356 5.51189C22.4131 5.51189 21.4107 6.47618 21.4107 7.67856V9.92856H24.5525C24.6258 9.92856 24.7114 9.92856 24.7725 9.94047C25.4816 9.97618 26.0072 10.3333 26.0072 10.9524C26.0072 11.4405 25.6527 11.8571 24.9926 11.9405V11.9643C25.7138 12.0119 26.264 12.4048 26.264 13.0119C26.264 13.6667 25.6527 14.0952 24.8459 14.0952H21.3984V18.5H24.6625C25.885 18.5 26.8874 17.5357 26.8874 16.3333V5.51189H23.6356Z","fill":"url(#paint1_linear_126_4175)"},"children":[]},{"name":"path","type":"element","value":"","attributes":{"d":"M24.2348 11.0952C24.2348 10.8095 24.027 10.619 23.7825 10.5833C23.7581 10.5833 23.6969 10.5714 23.6603 10.5714H22.4989V11.619H23.6603C23.6969 11.619 23.7703 11.619 23.7825 11.6071C24.027 11.5714 24.2348 11.3809 24.2348 11.0952Z","fill":"url(#paint2_linear_126_4175)"},"children":[]},{"name":"path","type":"element","value":"","attributes":{"d":"M11.3376 5.51192C10.1151 5.51192 9.11269 6.4762 9.11269 7.67858V13.0238C9.73616 13.3214 10.3841 13.5119 11.032 13.5119C11.8022 13.5119 12.2178 13.0595 12.2178 12.4405V9.91668H14.1249V12.4286C14.1249 13.4048 13.5014 14.2024 11.3865 14.2024C10.1029 14.2024 9.10046 13.9286 9.10046 13.9286V18.4881H12.3645C13.587 18.4881 14.5895 17.5238 14.5895 16.3214V5.51192H11.3376Z","fill":"url(#paint3_linear_126_4175)"},"children":[]},{"name":"path","type":"element","value":"","attributes":{"d":"M17.4867 5.51189C16.2642 5.51189 15.2617 6.47618 15.2617 7.67856V10.5119C15.8241 10.0476 16.8021 9.74999 18.3791 9.82142C19.2226 9.85713 20.1272 10.0833 20.1272 10.0833V11C19.6749 10.7738 19.137 10.5714 18.4402 10.5238C17.2422 10.4405 16.5209 11.0119 16.5209 12.0119C16.5209 13.0238 17.2422 13.5952 18.4402 13.5C19.137 13.4524 19.6749 13.2381 20.1272 13.0238V13.9405C20.1272 13.9405 19.2348 14.1667 18.3791 14.2024C16.8021 14.2738 15.8241 13.9762 15.2617 13.5119V18.5119H18.5258C19.7483 18.5119 20.7507 17.5476 20.7507 16.3452V5.51189H17.4867Z","fill":"url(#paint4_linear_126_4175)"},"children":[]},{"name":"defs","type":"element","value":"","attributes":{},"children":[{"name":"linearGradient","type":"element","value":"","attributes":{"id":"paint0_linear_126_4175","x1":"21.4085","y1":"12.8345","x2":"26.9027","y2":"12.8345","gradientUnits":"userSpaceOnUse"},"children":[{"name":"stop","type":"element","value":"","attributes":{"stop-color":"#007940"},"children":[]},{"name":"stop","type":"element","value":"","attributes":{"offset":"0.2285","stop-color":"#00873F"},"children":[]},{"name":"stop","type":"element","value":"","attributes":{"offset":"0.7433","stop-color":"#40A737"},"children":[]},{"name":"stop","type":"element","value":"","attributes":{"offset":"1","stop-color":"#5CB531"},"children":[]}]},{"name":"linearGradient","type":"element","value":"","attributes":{"id":"paint1_linear_126_4175","x1":"21.4085","y1":"12.0005","x2":"26.9024","y2":"12.0005","gradientUnits":"userSpaceOnUse"},"children":[{"name":"stop","type":"element","value":"","attributes":{"stop-color":"#007940"},"children":[]},{"name":"stop","type":"element","value":"","attributes":{"offset":"0.2285","stop-color":"#00873F"},"children":[]},{"name":"stop","type":"element","value":"","attributes":{"offset":"0.7433","stop-color":"#40A737"},"children":[]},{"name":"stop","type":"element","value":"","attributes":{"offset":"1","stop-color":"#5CB531"},"children":[]}]},{"name":"linearGradient","type":"element","value":"","attributes":{"id":"paint2_linear_126_4175","x1":"21.4085","y1":"11.0934","x2":"26.9022","y2":"11.0934","gradientUnits":"userSpaceOnUse"},"children":[{"name":"stop","type":"element","value":"","attributes":{"stop-color":"#007940"},"children":[]},{"name":"stop","type":"element","value":"","attributes":{"offset":"0.2285","stop-color":"#00873F"},"children":[]},{"name":"stop","type":"element","value":"","attributes":{"offset":"0.7433","stop-color":"#40A737"},"children":[]},{"name":"stop","type":"element","value":"","attributes":{"offset":"1","stop-color":"#5CB531"},"children":[]}]},{"name":"linearGradient","type":"element","value":"","attributes":{"id":"paint3_linear_126_4175","x1":"9.10991","y1":"12.0006","x2":"14.6887","y2":"12.0006","gradientUnits":"userSpaceOnUse"},"children":[{"name":"stop","type":"element","value":"","attributes":{"stop-color":"#1F286F"},"children":[]},{"name":"stop","type":"element","value":"","attributes":{"offset":"0.4751","stop-color":"#004E94"},"children":[]},{"name":"stop","type":"element","value":"","attributes":{"offset":"0.8261","stop-color":"#0066B1"},"children":[]},{"name":"stop","type":"element","value":"","attributes":{"offset":"1","stop-color":"#006FBC"},"children":[]}]},{"name":"linearGradient","type":"element","value":"","attributes":{"id":"paint4_linear_126_4175","x1":"15.2299","y1":"12.0005","x2":"20.648","y2":"12.0005","gradientUnits":"userSpaceOnUse"},"children":[{"name":"stop","type":"element","value":"","attributes":{"stop-color":"#6C2C2F"},"children":[]},{"name":"stop","type":"element","value":"","attributes":{"offset":"0.1735","stop-color":"#882730"},"children":[]},{"name":"stop","type":"element","value":"","attributes":{"offset":"0.5731","stop-color":"#BE1833"},"children":[]},{"name":"stop","type":"element","value":"","attributes":{"offset":"0.8585","stop-color":"#DC0436"},"children":[]},{"name":"stop","type":"element","value":"","attributes":{"offset":"1","stop-color":"#E60039"},"children":[]}]}]}]}