{"name":"svg","type":"element","value":"","attributes":{"width":"36","height":"24","viewBox":"0 0 36 24","fill":"none","xmlns":"http://www.w3.org/2000/svg"},"children":[{"name":"g","type":"element","value":"","attributes":{"clip-path":"url(#clip0_12_1946)"},"children":[{"name":"rect","type":"element","value":"","attributes":{"width":"36","height":"24","fill":"#EA3B4D"},"children":[]},{"name":"rect","type":"element","value":"","attributes":{"x":"3","width":"2.4","height":"2.4","fill":"white"},"children":[]},{"name":"rect","type":"element","value":"","attributes":{"x":"3","y":"3.6001","width":"2.4","height":"2.4","fill":"white"},"children":[]},{"name":"rect","type":"element","value":"","attributes":{"x":"3","y":"7.19995","width":"2.4","height":"2.4","fill":"white"},"children":[]},{"name":"rect","type":"element","value":"","attributes":{"x":"3","y":"10.8","width":"2.4","height":"2.4","fill":"white"},"children":[]},{"name":"rect","type":"element","value":"","attributes":{"x":"3","y":"14.3999","width":"2.4","height":"2.4","fill":"white"},"children":[]},{"name":"rect","type":"element","value":"","attributes":{"x":"3","y":"18","width":"2.4","height":"2.4","fill":"white"},"children":[]},{"name":"rect","type":"element","value":"","attributes":{"x":"5.99988","y":"16.8","width":"1.2","height":"1.2","fill":"white"},"children":[]},{"name":"rect","type":"element","value":"","attributes":{"x":"5.99988","y":"13.2","width":"1.2","height":"1.2","fill":"white"},"children":[]},{"name":"rect","type":"element","value":"","attributes":{"x":"5.99988","y":"9.6001","width":"1.2","height":"1.2","fill":"white"},"children":[]},{"name":"rect","type":"element","value":"","attributes":{"x":"5.99988","y":"6","width":"1.2","height":"1.2","fill":"white"},"children":[]},{"name":"rect","type":"element","value":"","attributes":{"x":"5.99988","y":"2.3999","width":"1.2","height":"1.2","fill":"white"},"children":[]},{"name":"rect","type":"element","value":"","attributes":{"x":"1.2002","y":"2.3999","width":"1.2","height":"1.2","fill":"white"},"children":[]},{"name":"rect","type":"element","value":"","attributes":{"x":"1.2002","y":"6","width":"1.2","height":"1.2","fill":"white"},"children":[]},{"name":"rect","type":"element","value":"","attributes":{"x":"1.2002","y":"9.6001","width":"1.2","height":"1.2","fill":"white"},"children":[]},{"name":"rect","type":"element","value":"","attributes":{"x":"1.2002","y":"13.2","width":"1.2","height":"1.2","fill":"white"},"children":[]},{"name":"rect","type":"element","value":"","attributes":{"x":"1.2002","y":"16.8","width":"1.2","height":"1.2","fill":"white"},"children":[]},{"name":"rect","type":"element","value":"","attributes":{"x":"1.2002","y":"20.3999","width":"1.2","height":"1.2","fill":"white"},"children":[]},{"name":"rect","type":"element","value":"","attributes":{"x":"5.99988","y":"20.3999","width":"1.2","height":"1.2","fill":"white"},"children":[]},{"name":"rect","type":"element","value":"","attributes":{"x":"3","y":"21.6001","width":"2.4","height":"2.4","fill":"white"},"children":[]},{"name":"rect","type":"element","value":"","attributes":{"x":"8.3999","y":"16.8","width":"27.6","height":"7.2","fill":"#54A360"},"children":[]}]},{"name":"defs","type":"element","value":"","attributes":{},"children":[{"name":"clipPath","type":"element","value":"","attributes":{"id":"clip0_12_1946"},"children":[{"name":"rect","type":"element","value":"","attributes":{"width":"36","height":"24","fill":"white"},"children":[]}]}]}]}