{"name":"svg","type":"element","value":"","attributes":{"width":"36","height":"24","viewBox":"0 0 36 24","fill":"none","xmlns":"http://www.w3.org/2000/svg"},"children":[{"name":"g","type":"element","value":"","attributes":{"clip-path":"url(#clip0_12_1896)"},"children":[{"name":"rect","type":"element","value":"","attributes":{"width":"36","height":"24","fill":"#3958B4"},"children":[]},{"name":"rect","type":"element","value":"","attributes":{"width":"36","height":"2.4","fill":"#EA3B4D"},"children":[]},{"name":"rect","type":"element","value":"","attributes":{"y":"21.6001","width":"36","height":"2.4","fill":"#EA3B4D"},"children":[]},{"name":"ellipse","type":"element","value":"","attributes":{"cx":"17.9998","cy":"12","rx":"7.2","ry":"7.2","fill":"white"},"children":[]},{"name":"path","type":"element","value":"","attributes":{"fill-rule":"evenodd","clip-rule":"evenodd","d":"M18 7.0499C15.2662 7.0499 13.05 9.26609 13.05 11.9999C13.05 14.7337 15.2662 16.9499 18 16.9499C20.7338 16.9499 22.95 14.7337 22.95 11.9999C22.95 9.26609 20.7338 7.0499 18 7.0499ZM12.15 11.9999C12.15 8.76904 14.7692 6.1499 18 6.1499C21.2309 6.1499 23.85 8.76904 23.85 11.9999C23.85 15.2308 21.2309 17.8499 18 17.8499C14.7692 17.8499 12.15 15.2308 12.15 11.9999Z","fill":"#3CB732"},"children":[]},{"name":"path","type":"element","value":"","attributes":{"d":"M18.9001 10.0517C18.5469 10.0459 18.2156 9.8797 18.0001 9.6001C17.7842 9.87924 17.4531 10.0454 17.1001 10.0517C16.7646 10.0423 16.4443 9.91004 16.2001 9.68003V12.126C16.2001 13.7247 18.0001 14.4001 18.0001 14.4001C18.0001 14.4001 19.8001 13.7327 19.8001 12.126V9.65205C19.561 9.8936 19.2397 10.0363 18.9001 10.0517Z","fill":"#FFC32C"},"children":[]}]},{"name":"defs","type":"element","value":"","attributes":{},"children":[{"name":"clipPath","type":"element","value":"","attributes":{"id":"clip0_12_1896"},"children":[{"name":"rect","type":"element","value":"","attributes":{"width":"36","height":"24","fill":"white"},"children":[]}]}]}]}