{"name":"svg","type":"element","value":"","attributes":{"width":"36","height":"24","viewBox":"0 0 36 24","fill":"none","xmlns":"http://www.w3.org/2000/svg"},"children":[{"name":"rect","type":"element","value":"","attributes":{"width":"36","height":"24","fill":"#34ACD9"},"children":[]},{"name":"rect","type":"element","value":"","attributes":{"y":"8.3999","width":"36","height":"7.2","fill":"white"},"children":[]},{"name":"rect","type":"element","value":"","attributes":{"y":"9.6001","width":"36","height":"4.8","fill":"#3C434C"},"children":[]}]}