{"name":"svg","type":"element","value":"","attributes":{"width":"36","height":"24","viewBox":"0 0 36 24","fill":"none","xmlns":"http://www.w3.org/2000/svg"},"children":[{"name":"rect","type":"element","value":"","attributes":{"width":"36","height":"24","fill":"#3CB732"},"children":[]},{"name":"path","type":"element","value":"","attributes":{"d":"M4.20032 12L18.0003 1.19995L31.8003 12L18.0003 22.7999L4.20032 12Z","fill":"#FFC32C"},"children":[]},{"name":"ellipse","type":"element","value":"","attributes":{"cx":"17.9998","cy":"12","rx":"6","ry":"6","fill":"#3958B4"},"children":[]},{"name":"path","type":"element","value":"","attributes":{"fill-rule":"evenodd","clip-rule":"evenodd","d":"M12.8874 8.85696C14.5914 8.38101 16.5124 8.24901 18.4062 8.72245C20.4376 9.23031 22.3895 10.4236 23.9748 12.5462C23.913 13.2311 23.7361 13.8828 23.4636 14.4818C21.9551 11.9378 20.0056 10.6685 18.0424 10.1777C16.0105 9.66968 13.8945 9.97958 12.1416 10.6951C12.288 10.0348 12.5432 9.41556 12.8874 8.85696Z","fill":"white"},"children":[]}]}