{"name":"svg","type":"element","value":"","attributes":{"width":"36","height":"24","viewBox":"0 0 36 24","fill":"none","xmlns":"http://www.w3.org/2000/svg"},"children":[{"name":"rect","type":"element","value":"","attributes":{"width":"36","height":"24","fill":"#3CB732"},"children":[]},{"name":"path","type":"element","value":"","attributes":{"d":"M18 12L36 24H0L18 12Z","fill":"#EA3B4D"},"children":[]},{"name":"path","type":"element","value":"","attributes":{"d":"M18 12L36 -4.76837e-07H0L18 12Z","fill":"#EA3B4D"},"children":[]},{"name":"path","type":"element","value":"","attributes":{"fill-rule":"evenodd","clip-rule":"evenodd","d":"M0 24H4.32673L18 14.8845L31.6733 24H36V21.1156L22.3267 12L36 2.88449V4.11988e-05L31.6734 0L18 9.11561L4.3266 0H3.3474e-05L0 2.88448L13.6733 12L0 21.1156V24Z","fill":"white"},"children":[]},{"name":"circle","type":"element","value":"","attributes":{"cx":"18.0002","cy":"12","r":"7.8","fill":"white"},"children":[]},{"name":"path","type":"element","value":"","attributes":{"d":"M18 6.6001L18.5661 8.20459H20.4L18.9169 9.19371L19.4831 10.7982L18 9.8072L16.5169 10.8001L17.0831 9.1956L15.6 8.2027H17.4338L18 6.6001Z","fill":"#EA3B4D"},"children":[]},{"name":"path","type":"element","value":"","attributes":{"d":"M15 12L15.5661 13.6045H17.4L15.9169 14.5936L16.4831 16.1981L15 15.2071L13.5169 16.2L14.0831 14.5955L12.6 13.6026H14.4338L15 12Z","fill":"#EA3B4D"},"children":[]},{"name":"path","type":"element","value":"","attributes":{"d":"M20.9999 12L21.566 13.6045H23.3999L21.9168 14.5936L22.4829 16.1981L20.9999 15.2071L19.5168 16.2L20.0829 14.5955L18.5999 13.6026H20.4337L20.9999 12Z","fill":"#EA3B4D"},"children":[]}]}