{"name":"svg","type":"element","value":"","attributes":{"width":"36","height":"24","viewBox":"0 0 36 24","fill":"none","xmlns":"http://www.w3.org/2000/svg"},"children":[{"name":"g","type":"element","value":"","attributes":{"clip-path":"url(#clip0_12_1881)"},"children":[{"name":"rect","type":"element","value":"","attributes":{"width":"36","height":"24","fill":"#EA3B4D"},"children":[]},{"name":"rect","type":"element","value":"","attributes":{"width":"12","height":"24","fill":"#3CB732"},"children":[]},{"name":"rect","type":"element","value":"","attributes":{"x":"24","width":"12","height":"24","fill":"#FFC32C"},"children":[]},{"name":"path","type":"element","value":"","attributes":{"d":"M18.0002 7.80005L19.1325 11.2383H22.8002L19.834 13.3578L20.9663 16.796L18.0002 14.6724L15.034 16.8L16.1663 13.3618L13.2002 11.2342H16.8679L18.0002 7.80005Z","fill":"#FFC32C"},"children":[]}]},{"name":"defs","type":"element","value":"","attributes":{},"children":[{"name":"clipPath","type":"element","value":"","attributes":{"id":"clip0_12_1881"},"children":[{"name":"rect","type":"element","value":"","attributes":{"width":"36","height":"24","fill":"white"},"children":[]}]}]}]}