{"name":"svg","type":"element","value":"","attributes":{"width":"36","height":"24","viewBox":"0 0 36 24","fill":"none","xmlns":"http://www.w3.org/2000/svg"},"children":[{"name":"g","type":"element","value":"","attributes":{"clip-path":"url(#clip0_12_2258)"},"children":[{"name":"rect","type":"element","value":"","attributes":{"width":"36","height":"24","fill":"#3958B4"},"children":[]},{"name":"rect","type":"element","value":"","attributes":{"y":"6","width":"36","height":"6","fill":"white"},"children":[]},{"name":"rect","type":"element","value":"","attributes":{"y":"12","width":"36","height":"6","fill":"#3CB732"},"children":[]},{"name":"rect","type":"element","value":"","attributes":{"y":"18","width":"36","height":"6","fill":"#FFC32C"},"children":[]},{"name":"rect","type":"element","value":"","attributes":{"x":"15","width":"6","height":"24","fill":"#EA3B4D"},"children":[]},{"name":"path","type":"element","value":"","attributes":{"d":"M6.8998 1.19995L7.39519 2.57523H8.9998L7.70211 3.42305L8.1975 4.79833L6.8998 3.9489L5.60211 4.79995L6.0975 3.42467L4.7998 2.57361H6.40442L6.8998 1.19995Z","fill":"#FFC32C"},"children":[]}]},{"name":"defs","type":"element","value":"","attributes":{},"children":[{"name":"clipPath","type":"element","value":"","attributes":{"id":"clip0_12_2258"},"children":[{"name":"rect","type":"element","value":"","attributes":{"width":"36","height":"24","fill":"white"},"children":[]}]}]}]}