{"name":"svg","type":"element","value":"","attributes":{"width":"36","height":"24","viewBox":"0 0 36 24","fill":"none","xmlns":"http://www.w3.org/2000/svg"},"children":[{"name":"g","type":"element","value":"","attributes":{"clip-path":"url(#clip0_12_1852)"},"children":[{"name":"rect","type":"element","value":"","attributes":{"width":"36","height":"24","fill":"#EA3B4D"},"children":[]},{"name":"rect","type":"element","value":"","attributes":{"width":"36","height":"12","fill":"white"},"children":[]},{"name":"path","type":"element","value":"","attributes":{"d":"M0 0L12 12L0 24V0Z","fill":"#3958B4"},"children":[]}]},{"name":"defs","type":"element","value":"","attributes":{},"children":[{"name":"clipPath","type":"element","value":"","attributes":{"id":"clip0_12_1852"},"children":[{"name":"rect","type":"element","value":"","attributes":{"width":"36","height":"24","fill":"white"},"children":[]}]}]}]}