{"name":"svg","type":"element","value":"","attributes":{"width":"36","height":"24","viewBox":"0 0 36 24","fill":"none","xmlns":"http://www.w3.org/2000/svg"},"children":[{"name":"rect","type":"element","value":"","attributes":{"width":"36","height":"24","fill":"#EA3B4D"},"children":[]},{"name":"rect","type":"element","value":"","attributes":{"width":"36","height":"12","fill":"white"},"children":[]},{"name":"rect","type":"element","value":"","attributes":{"width":"12","height":"12","fill":"#3958B4"},"children":[]},{"name":"path","type":"element","value":"","attributes":{"d":"M6 3.30005L6.70769 5.36297H9L7.14615 6.6347L7.85385 8.69762L6 7.42346L4.14615 8.70005L4.85385 6.63713L3 5.36054H5.29231L6 3.30005Z","fill":"white"},"children":[]}]}