{"name":"svg","type":"element","value":"","attributes":{"width":"36","height":"24","viewBox":"0 0 36 24","fill":"none","xmlns":"http://www.w3.org/2000/svg"},"children":[{"name":"g","type":"element","value":"","attributes":{"clip-path":"url(#clip0_12_2274)"},"children":[{"name":"rect","type":"element","value":"","attributes":{"width":"36","height":"24","fill":"#3958B4"},"children":[]},{"name":"path","type":"element","value":"","attributes":{"fill-rule":"evenodd","clip-rule":"evenodd","d":"M29.51 0L0 19.6733V24L6.48998 24L36 4.32665V0H29.51Z","fill":"#FFC32C"},"children":[]},{"name":"path","type":"element","value":"","attributes":{"d":"M5.70002 2.40002L6.47849 4.69216H9.00002L6.96079 6.10519L7.73925 8.39733L5.70002 6.9816L3.66079 8.40002L4.43926 6.10789L2.40002 4.68946H4.92156L5.70002 2.40002Z","fill":"#FFC32C"},"children":[]},{"name":"path","type":"element","value":"","attributes":{"fill-rule":"evenodd","clip-rule":"evenodd","d":"M31.6734 0L0 21.1156V24H4.32673L36 2.88449V5.43594e-05L36 0H31.6734Z","fill":"#EA3B4D"},"children":[]}]},{"name":"defs","type":"element","value":"","attributes":{},"children":[{"name":"clipPath","type":"element","value":"","attributes":{"id":"clip0_12_2274"},"children":[{"name":"rect","type":"element","value":"","attributes":{"width":"36","height":"24","fill":"white"},"children":[]}]}]}]}