{"name":"svg","type":"element","value":"","attributes":{"width":"36","height":"24","viewBox":"0 0 36 24","fill":"none","xmlns":"http://www.w3.org/2000/svg"},"children":[{"name":"g","type":"element","value":"","attributes":{"clip-path":"url(#clip0_12_2311)"},"children":[{"name":"rect","type":"element","value":"","attributes":{"width":"36","height":"24","fill":"#3CB732"},"children":[]},{"name":"path","type":"element","value":"","attributes":{"d":"M36 0V24H0L36 0Z","fill":"#EA3B4D"},"children":[]},{"name":"path","type":"element","value":"","attributes":{"fill-rule":"evenodd","clip-rule":"evenodd","d":"M29.51 0L0 19.6733V24L6.48998 24L36 4.32665V0H29.51Z","fill":"#FFC32C"},"children":[]}]},{"name":"defs","type":"element","value":"","attributes":{},"children":[{"name":"clipPath","type":"element","value":"","attributes":{"id":"clip0_12_2311"},"children":[{"name":"rect","type":"element","value":"","attributes":{"width":"36","height":"24","fill":"white"},"children":[]}]}]}]}