{"name":"svg","type":"element","value":"","attributes":{"width":"36","height":"24","viewBox":"0 0 36 24","fill":"none","xmlns":"http://www.w3.org/2000/svg"},"children":[{"name":"rect","type":"element","value":"","attributes":{"width":"36","height":"24","fill":"#3958B4"},"children":[]},{"name":"rect","type":"element","value":"","attributes":{"y":"3.59998","width":"36","height":"16.8","fill":"white"},"children":[]},{"name":"rect","type":"element","value":"","attributes":{"y":"7.19995","width":"36","height":"9.6","fill":"#EA3B4D"},"children":[]}]}