{"name":"svg","type":"element","value":"","attributes":{"width":"36","height":"24","viewBox":"0 0 36 24","fill":"none","xmlns":"http://www.w3.org/2000/svg"},"children":[{"name":"g","type":"element","value":"","attributes":{"clip-path":"url(#clip0_12_2641)"},"children":[{"name":"rect","type":"element","value":"","attributes":{"width":"36","height":"24","fill":"white"},"children":[]},{"name":"rect","type":"element","value":"","attributes":{"width":"36","height":"7.8","fill":"#EA3B4D"},"children":[]},{"name":"rect","type":"element","value":"","attributes":{"y":"16.2002","width":"36","height":"7.8","fill":"#3958B4"},"children":[]},{"name":"path","type":"element","value":"","attributes":{"d":"M18.1298 19.1999H17.383C14.9421 19.2028 12.9593 17.2569 12.9504 14.8498V9.02148H22.5623V14.8498C22.5534 17.2569 20.5706 19.2028 18.1298 19.1999Z","fill":"white"},"children":[]},{"name":"path","type":"element","value":"","attributes":{"d":"M20.3168 18.0076C20.7685 17.7039 21.151 17.3104 21.4397 16.8525H20.3168V18.0076Z","fill":"#EA3B4D"},"children":[]},{"name":"path","type":"element","value":"","attributes":{"d":"M20.3169 15.0352H22.0147C22.0147 14.9769 22.0147 14.9186 22.0147 14.855V13.2178H20.3062L20.3169 15.0352Z","fill":"#EA3B4D"},"children":[]},{"name":"path","type":"element","value":"","attributes":{"d":"M22.0253 9.57227H20.3168V11.3897H22.0253V9.57227Z","fill":"#EA3B4D"},"children":[]},{"name":"path","type":"element","value":"","attributes":{"d":"M20.3167 15.0352H18.6082V16.8525H20.3167V15.0352Z","fill":"#EA3B4D"},"children":[]},{"name":"path","type":"element","value":"","attributes":{"d":"M20.3167 11.3955H18.6082V13.2129H20.3167V11.3955Z","fill":"#EA3B4D"},"children":[]},{"name":"path","type":"element","value":"","attributes":{"d":"M16.8997 16.8528V18.6225C17.06 18.643 17.2215 18.6536 17.3832 18.6543H18.13C18.2917 18.6536 18.4532 18.643 18.6136 18.6225V16.8369L16.8997 16.8528Z","fill":"#EA3B4D"},"children":[]},{"name":"path","type":"element","value":"","attributes":{"d":"M18.6082 13.2124H16.8997V15.0298H18.6082V13.2124Z","fill":"#EA3B4D"},"children":[]},{"name":"path","type":"element","value":"","attributes":{"d":"M18.6082 9.57227H16.8997V11.3897H18.6082V9.57227Z","fill":"#EA3B4D"},"children":[]},{"name":"path","type":"element","value":"","attributes":{"d":"M16.9053 15.0352H15.1968V16.8525H16.9053V15.0352Z","fill":"#EA3B4D"},"children":[]},{"name":"path","type":"element","value":"","attributes":{"d":"M16.9053 11.3955H15.1968V13.2129H16.9053V11.3955Z","fill":"#EA3B4D"},"children":[]},{"name":"path","type":"element","value":"","attributes":{"d":"M14.0742 16.8525C14.3629 17.3104 14.7454 17.7039 15.1971 18.0076V16.8525H14.0742Z","fill":"#EA3B4D"},"children":[]},{"name":"path","type":"element","value":"","attributes":{"d":"M15.1968 13.2124H13.4883V14.8496C13.4883 14.9079 13.4883 14.9715 13.4883 15.0298H15.1861L15.1968 13.2124Z","fill":"#EA3B4D"},"children":[]},{"name":"path","type":"element","value":"","attributes":{"d":"M15.1968 9.57227H13.4883V11.3897H15.1968V9.57227Z","fill":"#EA3B4D"},"children":[]},{"name":"path","type":"element","value":"","attributes":{"d":"M17.7379 8.02525C19.1122 8.02572 20.4813 8.18939 21.8159 8.51271C21.9777 8.55195 22.1454 8.47478 22.2188 8.32727L23.3632 6.02772C23.4103 5.93311 23.4123 5.82278 23.3687 5.72656C23.3251 5.63035 23.2404 5.55821 23.1376 5.52966C19.5781 4.55652 15.8172 4.55652 12.2577 5.52966C12.1559 5.55942 12.0725 5.63206 12.03 5.72812C11.9875 5.82417 11.9903 5.93383 12.0375 6.02772L13.1819 8.32727C13.2553 8.47478 13.423 8.55195 13.5848 8.51271C14.9438 8.18332 16.3386 8.01961 17.7379 8.02525Z","fill":"#3958B4"},"children":[]}]},{"name":"defs","type":"element","value":"","attributes":{},"children":[{"name":"clipPath","type":"element","value":"","attributes":{"id":"clip0_12_2641"},"children":[{"name":"rect","type":"element","value":"","attributes":{"width":"36","height":"24","fill":"white"},"children":[]}]}]}]}