{"name":"svg","type":"element","value":"","attributes":{"width":"36","height":"24","viewBox":"0 0 36 24","fill":"none","xmlns":"http://www.w3.org/2000/svg"},"children":[{"name":"g","type":"element","value":"","attributes":{"clip-path":"url(#clip0_12_3119)"},"children":[{"name":"rect","type":"element","value":"","attributes":{"width":"36","height":"24","fill":"white"},"children":[]},{"name":"rect","type":"element","value":"","attributes":{"y":"20.4","width":"36","height":"3.6","fill":"#3958B4"},"children":[]},{"name":"rect","type":"element","value":"","attributes":{"y":"10.2002","width":"36","height":"3.6","fill":"#3958B4"},"children":[]},{"name":"rect","type":"element","value":"","attributes":{"width":"36","height":"3.6","fill":"#3958B4"},"children":[]},{"name":"path","type":"element","value":"","attributes":{"d":"M0 0L18 12L0 24V0Z","fill":"#EA3B4D"},"children":[]},{"name":"path","type":"element","value":"","attributes":{"d":"M8.55035 9.66162L8.13177 11.802L10.117 12.9482L7.87562 13.1226L7.45704 15.263L6.48864 13.2326L4.24487 13.4112L5.88921 11.9785L4.92202 9.94606L6.90722 11.0922L8.55035 9.66162Z","fill":"white"},"children":[]}]},{"name":"defs","type":"element","value":"","attributes":{},"children":[{"name":"clipPath","type":"element","value":"","attributes":{"id":"clip0_12_3119"},"children":[{"name":"rect","type":"element","value":"","attributes":{"width":"36","height":"24","fill":"white"},"children":[]}]}]}]}