{"name":"svg","type":"element","value":"","attributes":{"width":"36","height":"24","viewBox":"0 0 36 24","fill":"none","xmlns":"http://www.w3.org/2000/svg"},"children":[{"name":"rect","type":"element","value":"","attributes":{"width":"36","height":"24","fill":"#3958B4"},"children":[]},{"name":"rect","type":"element","value":"","attributes":{"y":"16.7998","width":"36","height":"2.4","fill":"#FFC32C"},"children":[]},{"name":"path","type":"element","value":"","attributes":{"d":"M4.50002 2.40002L4.99541 3.77531H6.60002L5.30233 4.62313L5.79772 5.99841L4.50002 5.14897L3.20233 6.00002L3.69772 4.62474L2.40002 3.77369H4.00464L4.50002 2.40002Z","fill":"white"},"children":[]},{"name":"path","type":"element","value":"","attributes":{"d":"M8.40002 5.40002L9.10772 7.46295H11.4L9.54618 8.73468L10.2539 10.7976L8.40002 9.52344L6.54618 10.8L7.25387 8.7371L5.40002 7.46052H7.69233L8.40002 5.40002Z","fill":"white"},"children":[]}]}