{"name":"svg","type":"element","value":"","attributes":{"width":"36","height":"24","viewBox":"0 0 36 24","fill":"none","xmlns":"http://www.w3.org/2000/svg"},"children":[{"name":"g","type":"element","value":"","attributes":{"clip-path":"url(#clip0_12_3125)"},"children":[{"name":"rect","type":"element","value":"","attributes":{"width":"36","height":"24","fill":"#3CB732"},"children":[]},{"name":"rect","type":"element","value":"","attributes":{"width":"36","height":"12","fill":"#9EC5E6"},"children":[]},{"name":"path","type":"element","value":"","attributes":{"d":"M0 0L18 12L0 24V0Z","fill":"white"},"children":[]},{"name":"path","type":"element","value":"","attributes":{"d":"M7.20032 9.2998L7.90801 11.3627H10.2003L8.34647 12.6345L9.05416 14.6974L7.20032 13.4232L5.34647 14.6998L6.05416 12.6369L4.20032 11.3603H6.49263L7.20032 9.2998Z","fill":"#EA3B4D"},"children":[]}]},{"name":"defs","type":"element","value":"","attributes":{},"children":[{"name":"clipPath","type":"element","value":"","attributes":{"id":"clip0_12_3125"},"children":[{"name":"rect","type":"element","value":"","attributes":{"width":"36","height":"24","fill":"white"},"children":[]}]}]}]}