{"name":"svg","type":"element","value":"","attributes":{"width":"36","height":"24","viewBox":"0 0 36 24","fill":"none","xmlns":"http://www.w3.org/2000/svg"},"children":[{"name":"g","type":"element","value":"","attributes":{"clip-path":"url(#clip0_12_3205)"},"children":[{"name":"rect","type":"element","value":"","attributes":{"width":"36","height":"24","fill":"#EA3B4D"},"children":[]},{"name":"rect","type":"element","value":"","attributes":{"x":"17.9999","y":"12","width":"18","height":"12","fill":"#3958B4"},"children":[]},{"name":"rect","type":"element","value":"","attributes":{"width":"18","height":"12","fill":"#3958B4"},"children":[]},{"name":"rect","type":"element","value":"","attributes":{"x":"15.5999","width":"4.8","height":"24","fill":"white"},"children":[]},{"name":"rect","type":"element","value":"","attributes":{"y":"9.59998","width":"36","height":"4.8","fill":"white"},"children":[]},{"name":"path","type":"element","value":"","attributes":{"d":"M19.6499 12.0001C19.6499 12.9114 18.9111 13.6501 17.9999 13.6501C17.0886 13.6501 16.3499 12.9114 16.3499 12.0001C16.3499 11.0888 17.0886 10.3501 17.9999 10.3501C18.9111 10.3501 19.6499 11.0888 19.6499 12.0001Z","stroke":"#3CB732","stroke-width":"1.5"},"children":[]}]},{"name":"defs","type":"element","value":"","attributes":{},"children":[{"name":"clipPath","type":"element","value":"","attributes":{"id":"clip0_12_3205"},"children":[{"name":"rect","type":"element","value":"","attributes":{"width":"36","height":"24","fill":"white"},"children":[]}]}]}]}