{"name":"svg","type":"element","value":"","attributes":{"width":"36","height":"24","viewBox":"0 0 36 24","fill":"none","xmlns":"http://www.w3.org/2000/svg"},"children":[{"name":"g","type":"element","value":"","attributes":{"clip-path":"url(#clip0_12_2059)"},"children":[{"name":"rect","type":"element","value":"","attributes":{"width":"36","height":"24","fill":"white"},"children":[]},{"name":"rect","type":"element","value":"","attributes":{"width":"36","height":"7.8","fill":"#5F97E0"},"children":[]},{"name":"rect","type":"element","value":"","attributes":{"y":"16.2002","width":"36","height":"7.8","fill":"#5F97E0"},"children":[]},{"name":"path","type":"element","value":"","attributes":{"fill-rule":"evenodd","clip-rule":"evenodd","d":"M18.0002 14.1C19.16 14.1 20.1002 13.1598 20.1002 12C20.1002 10.8402 19.16 9.9 18.0002 9.9C16.8404 9.9 15.9002 10.8402 15.9002 12C15.9002 13.1598 16.8404 14.1 18.0002 14.1ZM18.0002 15C19.6571 15 21.0002 13.6569 21.0002 12C21.0002 10.3431 19.6571 9 18.0002 9C16.3434 9 15.0002 10.3431 15.0002 12C15.0002 13.6569 16.3434 15 18.0002 15Z","fill":"#FFC32C"},"children":[]}]},{"name":"defs","type":"element","value":"","attributes":{},"children":[{"name":"clipPath","type":"element","value":"","attributes":{"id":"clip0_12_2059"},"children":[{"name":"rect","type":"element","value":"","attributes":{"width":"36","height":"24","fill":"white"},"children":[]}]}]}]}