{"name":"svg","type":"element","value":"","attributes":{"width":"36","height":"24","viewBox":"0 0 36 24","fill":"none","xmlns":"http://www.w3.org/2000/svg"},"children":[{"name":"g","type":"element","value":"","attributes":{"clip-path":"url(#clip0_12_2338)"},"children":[{"name":"rect","type":"element","value":"","attributes":{"width":"36","height":"24","fill":"#FFC32C"},"children":[]},{"name":"rect","type":"element","value":"","attributes":{"width":"36","height":"7.8","fill":"#EA3B4D"},"children":[]},{"name":"rect","type":"element","value":"","attributes":{"y":"16.2002","width":"36","height":"7.8","fill":"#3CB732"},"children":[]},{"name":"path","type":"element","value":"","attributes":{"d":"M17.7 9L18.4785 11.2921H21L18.9608 12.7052L19.7393 14.9973L17.7 13.5816L15.6608 15L16.4393 12.7079L14.4 11.2894H16.9216L17.7 9Z","fill":"#3C434C"},"children":[]}]},{"name":"defs","type":"element","value":"","attributes":{},"children":[{"name":"clipPath","type":"element","value":"","attributes":{"id":"clip0_12_2338"},"children":[{"name":"rect","type":"element","value":"","attributes":{"width":"36","height":"24","fill":"white"},"children":[]}]}]}]}