{"name":"svg","type":"element","value":"","attributes":{"width":"36","height":"24","viewBox":"0 0 36 24","fill":"none","xmlns":"http://www.w3.org/2000/svg"},"children":[{"name":"rect","type":"element","value":"","attributes":{"width":"36","height":"24","fill":"white"},"children":[]},{"name":"rect","type":"element","value":"","attributes":{"y":"14.4","width":"36","height":"9.6","fill":"#EA3B4D"},"children":[]},{"name":"path","type":"element","value":"","attributes":{"d":"M18.3709 10.2651H13.1797V13.7509H18.3709V10.2651Z","fill":"#3C434C"},"children":[]},{"name":"path","type":"element","value":"","attributes":{"d":"M15.8848 13.2383H12.7154L12.0105 13.692V14.1724H15.8848","fill":"#EA3B4D"},"children":[]},{"name":"path","type":"element","value":"","attributes":{"d":"M15.8848 13.2383H12.7154L12.0105 13.692V14.1724H15.8848","stroke":"white","stroke-width":"0.14","stroke-linecap":"round","stroke-linejoin":"round"},"children":[]},{"name":"path","type":"element","value":"","attributes":{"d":"M14.552 11.2369C15.0147 11.2427 15.3857 11.6123 15.3826 12.0643V13.2333H15.9783V8.79736H12.6996V13.2333H13.6996V12.0643C13.6996 11.8439 13.7896 11.6326 13.9496 11.4773C14.1096 11.322 14.3265 11.2354 14.552 11.2369Z","fill":"#EA3B4D","stroke":"white","stroke-width":"0.14","stroke-linejoin":"round"},"children":[]},{"name":"path","type":"element","value":"","attributes":{"d":"M15.3273 5.80273H13.8246V8.49312H15.3273V5.80273Z","fill":"#3C434C"},"children":[]},{"name":"path","type":"element","value":"","attributes":{"d":"M15.3386 8.07141H14.0216V7.61768H13.0435V8.07141H12.3877V7.61768H11.9998V8.44508H15.3386V8.07141ZM12.4041 8.44508H15.2402V8.80273H12.4041V8.44508Z","fill":"#EA3B4D","stroke":"white","stroke-width":"0.14","stroke-linejoin":"round"},"children":[]},{"name":"path","type":"element","value":"","attributes":{"d":"M13.5184 4.82031V7.61746H14.0102V6.84878C14.0091 6.57175 14.2251 6.3399 14.5075 6.31497H14.5348C14.8366 6.31497 15.0813 6.55396 15.0813 6.84878V7.61746H15.5512V4.82031H13.5184Z","fill":"#EA3B4D","stroke":"white","stroke-width":"0.14","stroke-linejoin":"round"},"children":[]},{"name":"path","type":"element","value":"","attributes":{"d":"M13.3381 4.44141V4.82041H15.7097V4.44141H13.3381Z","fill":"#EA3B4D","stroke":"white","stroke-width":"0.14","stroke-linejoin":"round"},"children":[]},{"name":"path","type":"element","value":"","attributes":{"d":"M13.032 3.7207V4.44668H15.8844V3.7207H15.4473V4.08903H14.9008V3.7207H14.0921V4.08903H13.5456V3.7207H13.032Z","fill":"#EA3B4D","stroke":"white","stroke-width":"0.14","stroke-linejoin":"round"},"children":[]},{"name":"path","type":"element","value":"","attributes":{"d":"M12.0056 13.6924H15.8854Z","fill":"#EA3B4D"},"children":[]},{"name":"path","type":"element","value":"","attributes":{"d":"M12.0056 13.6924H15.8854","stroke":"white","stroke-width":"0.14","stroke-linecap":"round","stroke-linejoin":"round"},"children":[]},{"name":"path","type":"element","value":"","attributes":{"d":"M18.4039 13.4731H15.7755L14.9832 13.8468V14.3806H18.4094","fill":"#EA3B4D"},"children":[]},{"name":"path","type":"element","value":"","attributes":{"d":"M18.4039 13.4731H15.7755L14.9832 13.8468V14.3806H18.4094","stroke":"white","stroke-width":"0.14","stroke-linecap":"round","stroke-linejoin":"round"},"children":[]},{"name":"path","type":"element","value":"","attributes":{"d":"M14.9832 13.8472H18.4914Z","fill":"#EA3B4D"},"children":[]},{"name":"path","type":"element","value":"","attributes":{"d":"M14.9832 13.8472H18.4914","stroke":"white","stroke-width":"0.14","stroke-linecap":"round","stroke-linejoin":"round"},"children":[]},{"name":"path","type":"element","value":"","attributes":{"d":"M22.8202 10.2651H17.6289V13.7509H22.8202V10.2651Z","fill":"#3C434C"},"children":[]},{"name":"path","type":"element","value":"","attributes":{"d":"M20.1259 13.2383H23.2953L24.0002 13.692V14.1724H20.1313","fill":"#EA3B4D"},"children":[]},{"name":"path","type":"element","value":"","attributes":{"d":"M20.1259 13.2383H23.2953L24.0002 13.692V14.1724H20.1313","stroke":"white","stroke-width":"0.14","stroke-linecap":"round","stroke-linejoin":"round"},"children":[]},{"name":"path","type":"element","value":"","attributes":{"d":"M21.4476 11.2369C20.985 11.2427 20.6139 11.6123 20.617 12.0643V13.2333H20.0214V8.79736H23.3001V13.2333H22.2782V12.0643C22.2783 11.6135 21.909 11.2456 21.4476 11.2369Z","fill":"#EA3B4D","stroke":"white","stroke-width":"0.14","stroke-linejoin":"round"},"children":[]},{"name":"path","type":"element","value":"","attributes":{"d":"M22.1749 5.80273H20.6721V8.49312H22.1749V5.80273Z","fill":"#3C434C"},"children":[]},{"name":"path","type":"element","value":"","attributes":{"d":"M20.678 8.07141H21.9949V7.61768H22.9567V8.07141H23.6124V7.61768H24.0004V8.44507H20.678V8.07141ZM23.6124 8.44507H20.7763V8.80272H23.6124V8.44507Z","fill":"#EA3B4D","stroke":"white","stroke-width":"0.14","stroke-linejoin":"round"},"children":[]},{"name":"path","type":"element","value":"","attributes":{"d":"M22.4857 4.82031V7.61746H21.9939V6.84878C21.995 6.57175 21.779 6.3399 21.4966 6.31497H21.4693C21.1675 6.31497 20.9228 6.55396 20.9228 6.84878V7.61746H20.4529V4.82031H22.4857Z","fill":"#EA3B4D","stroke":"white","stroke-width":"0.14","stroke-linejoin":"round"},"children":[]},{"name":"path","type":"element","value":"","attributes":{"d":"M22.6616 4.44141V4.82041H20.29V4.44141H22.6616Z","fill":"#EA3B4D","stroke":"white","stroke-width":"0.14","stroke-linejoin":"round"},"children":[]},{"name":"path","type":"element","value":"","attributes":{"d":"M22.9893 3.7207V4.44668H20.1423V3.7207H20.5795V4.08903H21.1259V3.7207H21.8964V4.08903H22.4429V3.7207H22.9893Z","fill":"#EA3B4D","stroke":"white","stroke-width":"0.14","stroke-linejoin":"round"},"children":[]},{"name":"path","type":"element","value":"","attributes":{"d":"M23.9946 13.6924H20.1094Z","fill":"#EA3B4D"},"children":[]},{"name":"path","type":"element","value":"","attributes":{"d":"M23.9946 13.6924H20.1094","stroke":"white","stroke-width":"0.14","stroke-linecap":"round","stroke-linejoin":"round"},"children":[]},{"name":"path","type":"element","value":"","attributes":{"d":"M17.5954 13.4731H20.2238L21.0162 13.8468V14.3806H17.59","fill":"#EA3B4D"},"children":[]},{"name":"path","type":"element","value":"","attributes":{"d":"M17.5954 13.4731H20.2238L21.0162 13.8468V14.3806H17.59","stroke":"white","stroke-width":"0.14","stroke-linecap":"round","stroke-linejoin":"round"},"children":[]},{"name":"path","type":"element","value":"","attributes":{"d":"M21.0217 13.8472H17.5244Z","fill":"#EA3B4D"},"children":[]},{"name":"path","type":"element","value":"","attributes":{"d":"M21.0217 13.8472H17.5244","stroke":"white","stroke-width":"0.14","stroke-linecap":"round","stroke-linejoin":"round"},"children":[]},{"name":"path","type":"element","value":"","attributes":{"d":"M19.4042 12.9341C19.1923 13.0138 18.9891 13.1139 18.7976 13.233C18.5452 13.3773 18.3041 13.5396 18.0763 13.7188C17.9947 13.7684 17.921 13.8296 17.8577 13.9003C17.762 13.9616 17.7044 14.066 17.7047 14.1778C17.7047 14.2312 17.7758 14.1191 17.8195 14.1138C17.8972 14.0701 17.9889 14.0568 18.0763 14.0764C18.1872 13.9789 18.304 13.888 18.426 13.8042C18.6712 13.6301 18.9287 13.4731 19.1965 13.3344C19.288 13.2852 19.3829 13.2423 19.4807 13.2063L19.3987 12.9394L19.4042 12.9341Z","fill":"#FFC32C","stroke":"white","stroke-width":"0.11","stroke-linejoin":"round"},"children":[]},{"name":"path","type":"element","value":"","attributes":{"d":"M18.355 13.5215V13.8311Z","fill":"#FFC32C"},"children":[]},{"name":"path","type":"element","value":"","attributes":{"d":"M18.355 13.5215V13.8311","stroke":"white","stroke-width":"0.14","stroke-linecap":"round","stroke-linejoin":"round"},"children":[]},{"name":"path","type":"element","value":"","attributes":{"d":"M18.5518 13.3823V13.6919Z","fill":"#FFC32C"},"children":[]},{"name":"path","type":"element","value":"","attributes":{"d":"M18.5518 13.3823V13.6919","stroke":"white","stroke-width":"0.14","stroke-linecap":"round","stroke-linejoin":"round"},"children":[]},{"name":"path","type":"element","value":"","attributes":{"d":"M18.749 13.2651V13.5694Z","fill":"#FFC32C"},"children":[]},{"name":"path","type":"element","value":"","attributes":{"d":"M18.749 13.2651V13.5694","stroke":"white","stroke-width":"0.14","stroke-linecap":"round","stroke-linejoin":"round"},"children":[]},{"name":"path","type":"element","value":"","attributes":{"d":"M18.9458 13.1475V13.4624Z","fill":"#FFC32C"},"children":[]},{"name":"path","type":"element","value":"","attributes":{"d":"M18.9458 13.1475V13.4624","stroke":"white","stroke-width":"0.14","stroke-linecap":"round","stroke-linejoin":"round"},"children":[]},{"name":"path","type":"element","value":"","attributes":{"d":"M16.6124 12.9448L16.514 13.2064C16.9615 13.3767 17.39 13.5913 17.7927 13.847C17.9356 13.9307 18.0662 14.033 18.1807 14.1512C18.1892 14.1806 18.1798 14.2121 18.1566 14.2325C18.1334 14.2529 18.1004 14.2586 18.0714 14.2473C18.0153 14.2169 17.9472 14.2169 17.8911 14.2473C17.8037 14.2847 17.7217 14.4181 17.8583 14.4608C17.9537 14.5238 18.072 14.5441 18.1837 14.5166C18.2953 14.489 18.3896 14.4164 18.443 14.3167C18.4977 14.2042 18.4806 14.071 18.3993 13.9751C18.2219 13.7982 18.0195 13.6472 17.7982 13.5267C17.4201 13.2992 17.0213 13.1062 16.6069 12.9502L16.6124 12.9448Z","fill":"#FFC32C","stroke":"white","stroke-width":"0.11","stroke-linejoin":"round"},"children":[]},{"name":"path","type":"element","value":"","attributes":{"d":"M17.8418 13.5747V13.8416Z","fill":"#FFC32C"},"children":[]},{"name":"path","type":"element","value":"","attributes":{"d":"M17.8418 13.5747V13.8416","stroke":"white","stroke-width":"0.14","stroke-linecap":"round","stroke-linejoin":"round"},"children":[]},{"name":"path","type":"element","value":"","attributes":{"d":"M18.0712 13.708L18.0001 13.9696Z","fill":"#FFC32C"},"children":[]},{"name":"path","type":"element","value":"","attributes":{"d":"M18.0712 13.708L18.0001 13.9696","stroke":"white","stroke-width":"0.14","stroke-linecap":"round","stroke-linejoin":"round"},"children":[]},{"name":"path","type":"element","value":"","attributes":{"d":"M18.3115 13.8843L18.1639 14.0871Z","fill":"#FFC32C"},"children":[]},{"name":"path","type":"element","value":"","attributes":{"d":"M18.3115 13.8843L18.1639 14.0871","stroke":"white","stroke-width":"0.14","stroke-linecap":"round","stroke-linejoin":"round"},"children":[]},{"name":"path","type":"element","value":"","attributes":{"d":"M18.3829 14.3753L18.1698 14.2632Z","fill":"#FFC32C"},"children":[]},{"name":"path","type":"element","value":"","attributes":{"d":"M18.3829 14.3753L18.1698 14.2632","stroke":"white","stroke-width":"0.14","stroke-linecap":"round","stroke-linejoin":"round"},"children":[]},{"name":"path","type":"element","value":"","attributes":{"d":"M18.4476 14.1567H18.2072Z","fill":"#FFC32C"},"children":[]},{"name":"path","type":"element","value":"","attributes":{"d":"M18.4476 14.1567H18.2072","stroke":"white","stroke-width":"0.14","stroke-linecap":"round","stroke-linejoin":"round"},"children":[]},{"name":"path","type":"element","value":"","attributes":{"d":"M18.1371 14.4983V14.2902Z","fill":"#FFC32C"},"children":[]},{"name":"path","type":"element","value":"","attributes":{"d":"M18.1371 14.4983V14.2902","stroke":"white","stroke-width":"0.14","stroke-linecap":"round","stroke-linejoin":"round"},"children":[]},{"name":"path","type":"element","value":"","attributes":{"d":"M18.0706 14.2632L17.8684 14.4073Z","fill":"#FFC32C"},"children":[]},{"name":"path","type":"element","value":"","attributes":{"d":"M18.0706 14.2632L17.8684 14.4073","stroke":"white","stroke-width":"0.14","stroke-linecap":"round","stroke-linejoin":"round"},"children":[]},{"name":"path","type":"element","value":"","attributes":{"d":"M17.0826 13.1689V13.4145Z","fill":"#FFC32C"},"children":[]},{"name":"path","type":"element","value":"","attributes":{"d":"M17.0826 13.1689V13.4145","stroke":"white","stroke-width":"0.14","stroke-linecap":"round","stroke-linejoin":"round"},"children":[]},{"name":"path","type":"element","value":"","attributes":{"d":"M17.59 13.4307V13.7082Z","fill":"#FFC32C"},"children":[]},{"name":"path","type":"element","value":"","attributes":{"d":"M17.59 13.4307V13.7082","stroke":"white","stroke-width":"0.14","stroke-linecap":"round","stroke-linejoin":"round"},"children":[]},{"name":"path","type":"element","value":"","attributes":{"d":"M17.3387 13.2969V13.5584Z","fill":"#FFC32C"},"children":[]},{"name":"path","type":"element","value":"","attributes":{"d":"M17.3387 13.2969V13.5584","stroke":"white","stroke-width":"0.14","stroke-linecap":"round","stroke-linejoin":"round"},"children":[]},{"name":"path","type":"element","value":"","attributes":{"d":"M16.3605 19.0781V19.7134H16.7703V19.3931H17.3168V19.7134H17.7539V19.0781H16.3605ZM16.3605 19.9536V20.5941H17.7648V19.9803H17.3277V20.3005H16.7812V19.9803L16.3605 19.9536Z","fill":"#FFC32C","stroke":"white","stroke-width":"0.14","stroke-linejoin":"round"},"children":[]},{"name":"path","type":"element","value":"","attributes":{"d":"M18.3061 16.3931H17.7596V20.9998H18.3061V16.3931Z","fill":"#FFC32C","stroke":"white","stroke-width":"0.14","stroke-linejoin":"round"},"children":[]},{"name":"path","type":"element","value":"","attributes":{"d":"M18.3061 16.7935H17.7596V20.7596H18.3061V16.7935Z","fill":"#FFC32C","stroke":"white","stroke-width":"0.14","stroke-linejoin":"round"},"children":[]},{"name":"path","type":"element","value":"","attributes":{"d":"M17.9615 15.267L18.8249 15.7581L17.9615 16.2438L17.0981 15.7581L17.9615 15.267ZM16.8085 15.5819H16.5845V15.9342H16.8085L17.9615 16.5855L19.1145 15.9342H19.3386V15.5819H19.1145L17.9615 14.9307L16.8085 15.5819Z","fill":"#FFC32C","stroke":"white","stroke-width":"0.14","stroke-linejoin":"round"},"children":[]},{"name":"path","type":"element","value":"","attributes":{"d":"M17.946 14.066C17.7466 14.1005 17.6041 14.2739 17.6127 14.4716C17.6127 14.7652 17.6127 15.0642 17.6127 15.3578C17.6231 15.5387 17.7582 15.6894 17.9404 15.7235C18.1225 15.7576 18.3051 15.6662 18.3832 15.5019L18.2411 15.4218C18.1928 15.5264 18.0756 15.5831 17.9612 15.5571C17.8468 15.5311 17.7672 15.4297 17.7711 15.3151C17.7711 15.0215 17.7711 14.7279 17.7711 14.4343C17.7753 14.3748 17.8036 14.3193 17.8498 14.2803C17.8959 14.2412 17.9561 14.2217 18.017 14.2261C18.0662 14.2261 18.1373 14.2795 18.17 14.2261C18.2028 14.1727 18.1373 14.1087 18.0935 14.0713C18.0498 14.0339 17.9897 14.0713 17.9405 14.0713L17.946 14.066ZM18.416 14.3756C18.3771 14.4291 18.3242 14.4715 18.2629 14.4983V15.0962L18.4269 15.187C18.4269 14.9307 18.4269 14.6531 18.4269 14.4236C18.4269 14.4236 18.4269 14.3862 18.4269 14.3756H18.416Z","fill":"#FFC32C","stroke":"white","stroke-width":"0.14","stroke-linejoin":"round"},"children":[]},{"name":"path","type":"element","value":"","attributes":{"d":"M19.1477 4.08887H16.7706V8.30594H19.1477V4.08887Z","fill":"#3C434C"},"children":[]},{"name":"path","type":"element","value":"","attributes":{"d":"M16.6006 4.08887V7.61733H17.3547V6.54972C17.3547 6.20184 17.6434 5.91982 17.9995 5.91982C18.3556 5.91982 18.6443 6.20184 18.6443 6.54972V7.61733H19.3984V4.08887H16.6006ZM17.8847 4.48388H18.1197V5.69029H17.8847V4.48388ZM17.2181 4.7241H17.453V5.61022H17.2181V4.7241ZM18.5514 4.7241H18.7864V5.61022H18.5514V4.7241Z","fill":"#EA3B4D","stroke":"white","stroke-width":"0.14","stroke-linejoin":"round"},"children":[]},{"name":"path","type":"element","value":"","attributes":{"d":"M16.3445 3.58203V4.08381H19.656V3.58203H16.3445Z","fill":"#EA3B4D","stroke":"white","stroke-width":"0.14","stroke-linejoin":"round"},"children":[]},{"name":"path","type":"element","value":"","attributes":{"d":"M16.0325 3V3.58185H19.9669V3H19.4751V3.32028H18.9286V3H18.2948V3.32028H17.7483V3H17.0871V3.32028H16.5407V3H16.0325Z","fill":"#EA3B4D","stroke":"white","stroke-width":"0.14","stroke-linejoin":"round"},"children":[]},{"name":"path","type":"element","value":"","attributes":{"d":"M15.3059 8.80273V9.16572H20.6994V8.80273H15.3059Z","fill":"#EA3B4D","stroke":"white","stroke-width":"0.14","stroke-linejoin":"round"},"children":[]},{"name":"path","type":"element","value":"","attributes":{"d":"M15.0819 7.61768V8.80272H20.918V7.61768H20.3715V8.07141H19.6338V7.61768H18.6174V8.07141H17.3278V7.61768H16.3442V8.07141H15.6065V7.61768H15.0819Z","fill":"#EA3B4D","stroke":"white","stroke-width":"0.14","stroke-linejoin":"round"},"children":[]},{"name":"path","type":"element","value":"","attributes":{"d":"M15.7861 9.16553V13.4733H16.8298V11.8719C16.8148 11.5661 16.935 11.2687 17.1597 11.0553C17.3845 10.8418 17.6922 10.733 18.0047 10.7563C18.3172 10.733 18.625 10.8418 18.8497 11.0553C19.0745 11.2687 19.1946 11.5661 19.1796 11.8719V13.4733H20.2233V9.16553H15.7861Z","fill":"#EA3B4D","stroke":"white","stroke-width":"0.14","stroke-linejoin":"round"},"children":[]}]}