{"name":"svg","type":"element","value":"","attributes":{"width":"36","height":"24","viewBox":"0 0 36 24","fill":"none","xmlns":"http://www.w3.org/2000/svg"},"children":[{"name":"g","type":"element","value":"","attributes":{"clip-path":"url(#clip0_12_2602)"},"children":[{"name":"rect","type":"element","value":"","attributes":{"width":"36","height":"24","fill":"white"},"children":[]},{"name":"rect","type":"element","value":"","attributes":{"width":"36","height":"2.66667","fill":"#5F97E0"},"children":[]},{"name":"rect","type":"element","value":"","attributes":{"y":"5.3335","width":"36","height":"2.66667","fill":"#5F97E0"},"children":[]},{"name":"rect","type":"element","value":"","attributes":{"y":"10.6665","width":"36","height":"2.66667","fill":"#5F97E0"},"children":[]},{"name":"rect","type":"element","value":"","attributes":{"y":"16","width":"36","height":"2.66667","fill":"#5F97E0"},"children":[]},{"name":"rect","type":"element","value":"","attributes":{"y":"21.3334","width":"36","height":"2.66667","fill":"#5F97E0"},"children":[]},{"name":"rect","type":"element","value":"","attributes":{"width":"13.332","height":"13.332","fill":"#5F97E0"},"children":[]},{"name":"rect","type":"element","value":"","attributes":{"x":"5.40015","width":"2.664","height":"13.332","fill":"white"},"children":[]},{"name":"rect","type":"element","value":"","attributes":{"x":"13.3323","y":"5.33398","width":"2.664","height":"13.332","transform":"rotate(90 13.3323 5.33398)","fill":"white"},"children":[]}]},{"name":"defs","type":"element","value":"","attributes":{},"children":[{"name":"clipPath","type":"element","value":"","attributes":{"id":"clip0_12_2602"},"children":[{"name":"rect","type":"element","value":"","attributes":{"width":"36","height":"24","fill":"white"},"children":[]}]}]}]}