{"name":"svg","type":"element","value":"","attributes":{"width":"36","height":"24","viewBox":"0 0 36 24","fill":"none","xmlns":"http://www.w3.org/2000/svg"},"children":[{"name":"g","type":"element","value":"","attributes":{"clip-path":"url(#clip0_12_2611)"},"children":[{"name":"rect","type":"element","value":"","attributes":{"width":"36","height":"24","fill":"#FFC32C"},"children":[]},{"name":"path","type":"element","value":"","attributes":{"fill-rule":"evenodd","clip-rule":"evenodd","d":"M33.6 2.4H2.4V21.6H33.6V2.4ZM0 0V24H36V0H0Z","fill":"#EA3B4D"},"children":[]},{"name":"path","type":"element","value":"","attributes":{"d":"M0 0L18 12L0 24V0Z","fill":"#3CB732"},"children":[]},{"name":"path","type":"element","value":"","attributes":{"d":"M36 0L18 12L36 24V0Z","fill":"#3CB732"},"children":[]},{"name":"circle","type":"element","value":"","attributes":{"cx":"18","cy":"12","r":"3.6","fill":"#EA3B4D"},"children":[]},{"name":"path","type":"element","value":"","attributes":{"d":"M17.9999 9.8999L18.566 11.5044H20.3999L18.9168 12.4935L19.4829 14.098L17.9999 13.107L16.5168 14.0999L17.0829 12.4954L15.5999 11.5025H17.4337L17.9999 9.8999Z","fill":"#FFC32C"},"children":[]},{"name":"path","type":"element","value":"","attributes":{"d":"M18 0.599976L18.1769 1.0584H18.75L18.2865 1.34101L18.4635 1.79944L18 1.51629L17.5365 1.79998L17.7135 1.34155L17.25 1.05786H17.8231L18 0.599976Z","fill":"#FFC32C"},"children":[]},{"name":"path","type":"element","value":"","attributes":{"d":"M12 0.599976L12.1769 1.0584H12.75L12.2865 1.34101L12.4635 1.79944L12 1.51629L11.5365 1.79998L11.7135 1.34155L11.25 1.05786H11.8231L12 0.599976Z","fill":"#FFC32C"},"children":[]},{"name":"path","type":"element","value":"","attributes":{"d":"M24 0.599976L24.1769 1.0584H24.75L24.2865 1.34101L24.4635 1.79944L24 1.51629L23.5365 1.79998L23.7135 1.34155L23.25 1.05786H23.8231L24 0.599976Z","fill":"#FFC32C"},"children":[]},{"name":"path","type":"element","value":"","attributes":{"d":"M18 22.2002L18.1769 22.6586H18.75L18.2865 22.9412L18.4635 23.3997L18 23.1165L17.5365 23.4002L17.7135 22.9418L17.25 22.6581H17.8231L18 22.2002Z","fill":"#FFC32C"},"children":[]},{"name":"path","type":"element","value":"","attributes":{"d":"M12 22.2002L12.1769 22.6586H12.75L12.2865 22.9412L12.4635 23.3997L12 23.1165L11.5365 23.4002L11.7135 22.9418L11.25 22.6581H11.8231L12 22.2002Z","fill":"#FFC32C"},"children":[]},{"name":"path","type":"element","value":"","attributes":{"d":"M24 22.2002L24.1769 22.6586H24.75L24.2865 22.9412L24.4635 23.3997L24 23.1165L23.5365 23.4002L23.7135 22.9418L23.25 22.6581H23.8231L24 22.2002Z","fill":"#FFC32C"},"children":[]}]},{"name":"defs","type":"element","value":"","attributes":{},"children":[{"name":"clipPath","type":"element","value":"","attributes":{"id":"clip0_12_2611"},"children":[{"name":"rect","type":"element","value":"","attributes":{"width":"36","height":"24","fill":"white"},"children":[]}]}]}]}