{"name":"svg","type":"element","value":"","attributes":{"width":"36","height":"24","viewBox":"0 0 36 24","fill":"none","xmlns":"http://www.w3.org/2000/svg"},"children":[{"name":"g","type":"element","value":"","attributes":{"clip-path":"url(#clip0_12_1667)"},"children":[{"name":"rect","type":"element","value":"","attributes":{"width":"36","height":"24","fill":"white"},"children":[]},{"name":"rect","type":"element","value":"","attributes":{"width":"12","height":"24","fill":"#9EC5E6"},"children":[]},{"name":"rect","type":"element","value":"","attributes":{"x":"24","width":"12","height":"24","fill":"#9EC5E6"},"children":[]},{"name":"circle","type":"element","value":"","attributes":{"cx":"18","cy":"12","r":"3","fill":"#3CB732"},"children":[]},{"name":"circle","type":"element","value":"","attributes":{"cx":"17.9999","cy":"12.0001","r":"2.4","fill":"#FFC32C"},"children":[]}]},{"name":"defs","type":"element","value":"","attributes":{},"children":[{"name":"clipPath","type":"element","value":"","attributes":{"id":"clip0_12_1667"},"children":[{"name":"rect","type":"element","value":"","attributes":{"width":"36","height":"24","fill":"white"},"children":[]}]}]}]}