{"name":"svg","type":"element","value":"","attributes":{"width":"36","height":"24","viewBox":"0 0 36 24","fill":"none","xmlns":"http://www.w3.org/2000/svg"},"children":[{"name":"g","type":"element","value":"","attributes":{"clip-path":"url(#clip0_12_1935)"},"children":[{"name":"rect","type":"element","value":"","attributes":{"width":"36","height":"24","fill":"#FFC32C"},"children":[]},{"name":"rect","type":"element","value":"","attributes":{"width":"12","height":"24","fill":"#EA3B4D"},"children":[]},{"name":"path","type":"element","value":"","attributes":{"d":"M6.00007 9L6.77853 11.2921H9.30007L7.26084 12.7052L8.0393 14.9973L6.00007 13.5816L3.96084 15L4.7393 12.7079L2.70007 11.2894H5.22161L6.00007 9Z","fill":"#3C434C"},"children":[]},{"name":"rect","type":"element","value":"","attributes":{"x":"12","y":"12","width":"24","height":"12","fill":"#3CB732"},"children":[]}]},{"name":"defs","type":"element","value":"","attributes":{},"children":[{"name":"clipPath","type":"element","value":"","attributes":{"id":"clip0_12_1935"},"children":[{"name":"rect","type":"element","value":"","attributes":{"width":"36","height":"24","fill":"white"},"children":[]}]}]}]}