{"name":"svg","type":"element","value":"","attributes":{"width":"36","height":"24","viewBox":"0 0 36 24","fill":"none","xmlns":"http://www.w3.org/2000/svg"},"children":[{"name":"rect","type":"element","value":"","attributes":{"width":"36","height":"24","fill":"#3CB732"},"children":[]},{"name":"path","type":"element","value":"","attributes":{"d":"M0 0L28.8 12L0 24V0Z","fill":"white"},"children":[]},{"name":"path","type":"element","value":"","attributes":{"d":"M0 1.2002L26.4 12.0002L0 22.8002V1.2002Z","fill":"#FFC32C"},"children":[]},{"name":"path","type":"element","value":"","attributes":{"d":"M0 0L18 12L0 24V0Z","fill":"#3C434C"},"children":[]},{"name":"path","type":"element","value":"","attributes":{"d":"M0 1.2002L15.6 12.0002L0 22.8002V1.2002Z","fill":"#EA3B4D"},"children":[]}]}