{"name":"svg","type":"element","value":"","attributes":{"width":"36","height":"24","viewBox":"0 0 36 24","fill":"none","xmlns":"http://www.w3.org/2000/svg"},"children":[{"name":"g","type":"element","value":"","attributes":{"clip-path":"url(#clip0_12_2076)"},"children":[{"name":"rect","type":"element","value":"","attributes":{"width":"36","height":"24","fill":"white"},"children":[]},{"name":"rect","type":"element","value":"","attributes":{"width":"36","height":"7.8","fill":"#34ACD9"},"children":[]},{"name":"rect","type":"element","value":"","attributes":{"y":"16.2002","width":"36","height":"7.8","fill":"#34ACD9"},"children":[]},{"name":"path","type":"element","value":"","attributes":{"d":"M23.1 12.6L23.4538 13.5168H24.6L23.6731 14.082L24.0269 14.9989L23.1 14.4326L22.1731 15L22.5269 14.0831L21.6 13.5158H22.7461L23.1 12.6Z","fill":"#34ACD9"},"children":[]},{"name":"path","type":"element","value":"","attributes":{"d":"M12.9 12.6L13.2539 13.5168H14.4L13.4731 14.082L13.8269 14.9989L12.9 14.4326L11.9731 15L12.3269 14.0831L11.4 13.5158H12.5462L12.9 12.6Z","fill":"#34ACD9"},"children":[]},{"name":"path","type":"element","value":"","attributes":{"d":"M23.1 9L23.4538 9.91685H24.6L23.6731 10.4821L24.0269 11.3989L23.1 10.8326L22.1731 11.4L22.5269 10.4831L21.6 9.91578H22.7461L23.1 9Z","fill":"#34ACD9"},"children":[]},{"name":"path","type":"element","value":"","attributes":{"d":"M12.9 9L13.2539 9.91685H14.4L13.4731 10.4821L13.8269 11.3989L12.9 10.8326L11.9731 11.4L12.3269 10.4831L11.4 9.91578H12.5462L12.9 9Z","fill":"#34ACD9"},"children":[]},{"name":"path","type":"element","value":"","attributes":{"d":"M18 10.7998L18.3538 11.7167H19.5L18.5731 12.2819L18.9269 13.1987L18 12.6324L17.0731 13.1998L17.4269 12.283L16.5 11.7156H17.6462L18 10.7998Z","fill":"#34ACD9"},"children":[]}]},{"name":"defs","type":"element","value":"","attributes":{},"children":[{"name":"clipPath","type":"element","value":"","attributes":{"id":"clip0_12_2076"},"children":[{"name":"rect","type":"element","value":"","attributes":{"width":"36","height":"24","fill":"white"},"children":[]}]}]}]}