{"name":"svg","type":"element","value":"","attributes":{"width":"36","height":"24","viewBox":"0 0 36 24","fill":"none","xmlns":"http://www.w3.org/2000/svg"},"children":[{"name":"g","type":"element","value":"","attributes":{"clip-path":"url(#clip0_12_2407)"},"children":[{"name":"rect","type":"element","value":"","attributes":{"width":"36","height":"24","fill":"white"},"children":[]},{"name":"rect","type":"element","value":"","attributes":{"width":"36","height":"7.8","fill":"#EA3B4D"},"children":[]},{"name":"rect","type":"element","value":"","attributes":{"y":"16.2002","width":"36","height":"7.8","fill":"#3C434C"},"children":[]},{"name":"path","type":"element","value":"","attributes":{"d":"M18.0001 10.2002L18.5663 11.8047H20.4001L18.917 12.7938L19.4832 14.3983L18.0001 13.4073L16.517 14.4002L17.0832 12.7957L15.6001 11.8028H17.4339L18.0001 10.2002Z","fill":"#54A360"},"children":[]},{"name":"path","type":"element","value":"","attributes":{"d":"M12.0001 10.2002L12.5663 11.8047H14.4001L12.917 12.7938L13.4832 14.3983L12.0001 13.4073L10.517 14.4002L11.0832 12.7957L9.6001 11.8028H11.4339L12.0001 10.2002Z","fill":"#54A360"},"children":[]},{"name":"path","type":"element","value":"","attributes":{"d":"M24.0001 10.2002L24.5663 11.8047H26.4001L24.917 12.7938L25.4832 14.3983L24.0001 13.4073L22.517 14.4002L23.0832 12.7957L21.6001 11.8028H23.4339L24.0001 10.2002Z","fill":"#54A360"},"children":[]}]},{"name":"defs","type":"element","value":"","attributes":{},"children":[{"name":"clipPath","type":"element","value":"","attributes":{"id":"clip0_12_2407"},"children":[{"name":"rect","type":"element","value":"","attributes":{"width":"36","height":"24","fill":"white"},"children":[]}]}]}]}