{"name":"svg","type":"element","value":"","attributes":{"width":"36","height":"24","viewBox":"0 0 36 24","fill":"none","xmlns":"http://www.w3.org/2000/svg"},"children":[{"name":"g","type":"element","value":"","attributes":{"clip-path":"url(#clip0_12_2300)"},"children":[{"name":"rect","type":"element","value":"","attributes":{"width":"36","height":"24","fill":"#3CB732"},"children":[]},{"name":"path","type":"element","value":"","attributes":{"d":"M36.0001 0V24L18.0001 12L36.0001 0Z","fill":"#3C434C"},"children":[]},{"name":"path","type":"element","value":"","attributes":{"d":"M0.000121355 0V24L18.0001 12L0.000121355 0Z","fill":"#3C434C"},"children":[]},{"name":"path","type":"element","value":"","attributes":{"fill-rule":"evenodd","clip-rule":"evenodd","d":"M32.8734 0L0 22.3156V24H3.12673L36 1.68449V5.43594e-05L32.8734 0Z","fill":"#FFC32C"},"children":[]},{"name":"path","type":"element","value":"","attributes":{"fill-rule":"evenodd","clip-rule":"evenodd","d":"M3.12635 0L35.9998 22.3156V24H32.873L-0.000245571 1.68449V5.43594e-05L3.12635 0Z","fill":"#FFC32C"},"children":[]}]},{"name":"defs","type":"element","value":"","attributes":{},"children":[{"name":"clipPath","type":"element","value":"","attributes":{"id":"clip0_12_2300"},"children":[{"name":"rect","type":"element","value":"","attributes":{"width":"36","height":"24","fill":"white"},"children":[]}]}]}]}