{"name":"svg","type":"element","value":"","attributes":{"width":"36","height":"24","viewBox":"0 0 36 24","fill":"none","xmlns":"http://www.w3.org/2000/svg"},"children":[{"name":"g","type":"element","value":"","attributes":{"clip-path":"url(#clip0_12_2486)"},"children":[{"name":"rect","type":"element","value":"","attributes":{"width":"36","height":"24","fill":"#3958B4"},"children":[]},{"name":"ellipse","type":"element","value":"","attributes":{"cx":"18.0001","cy":"12","rx":"3","ry":"3","fill":"white"},"children":[]},{"name":"rect","type":"element","value":"","attributes":{"width":"36","height":"7.8","fill":"#EA3B4D"},"children":[]},{"name":"rect","type":"element","value":"","attributes":{"y":"16.2002","width":"36","height":"7.8","fill":"#EA3B4D"},"children":[]}]},{"name":"defs","type":"element","value":"","attributes":{},"children":[{"name":"clipPath","type":"element","value":"","attributes":{"id":"clip0_12_2486"},"children":[{"name":"rect","type":"element","value":"","attributes":{"width":"36","height":"24","fill":"white"},"children":[]}]}]}]}