{"name":"svg","type":"element","value":"","attributes":{"width":"36","height":"24","viewBox":"0 0 36 24","fill":"none","xmlns":"http://www.w3.org/2000/svg"},"children":[{"name":"rect","type":"element","value":"","attributes":{"width":"36","height":"24","fill":"white"},"children":[]},{"name":"rect","type":"element","value":"","attributes":{"y":"18","width":"36","height":"3","fill":"#EA3B4D"},"children":[]},{"name":"rect","type":"element","value":"","attributes":{"y":"12","width":"36","height":"3","fill":"#EA3B4D"},"children":[]},{"name":"rect","type":"element","value":"","attributes":{"y":"6","width":"36","height":"3","fill":"#EA3B4D"},"children":[]},{"name":"rect","type":"element","value":"","attributes":{"width":"36","height":"3","fill":"#EA3B4D"},"children":[]},{"name":"rect","type":"element","value":"","attributes":{"width":"15","height":"15","fill":"#3958B4"},"children":[]},{"name":"path","type":"element","value":"","attributes":{"d":"M7.50007 3L8.63238 6.4382H12.3001L9.33392 8.55775L10.4662 11.996L7.50007 9.87236L4.53392 12L5.66623 8.5618L2.70007 6.43416H6.36777L7.50007 3Z","fill":"white"},"children":[]}]}