{"name":"svg","type":"element","value":"","attributes":{"width":"36","height":"24","viewBox":"0 0 36 24","fill":"none","xmlns":"http://www.w3.org/2000/svg"},"children":[{"name":"g","type":"element","value":"","attributes":{"clip-path":"url(#clip0_12_2396)"},"children":[{"name":"rect","type":"element","value":"","attributes":{"width":"36","height":"24","fill":"#EA3B4D"},"children":[]},{"name":"path","type":"element","value":"","attributes":{"d":"M36 0H33.6L18 12L36 2.4V0Z","fill":"#FFC32C"},"children":[]},{"name":"path","type":"element","value":"","attributes":{"d":"M36 24H33.6L18 12L36 21.6V24Z","fill":"#FFC32C"},"children":[]},{"name":"path","type":"element","value":"","attributes":{"d":"M0 24H2.4L18 12L0 21.6V24Z","fill":"#FFC32C"},"children":[]},{"name":"path","type":"element","value":"","attributes":{"d":"M0 0H2.4L18 12L0 2.4V0Z","fill":"#FFC32C"},"children":[]},{"name":"path","type":"element","value":"","attributes":{"d":"M0 9.59998L18 12L0 14.4V9.59998Z","fill":"#FFC32C"},"children":[]},{"name":"path","type":"element","value":"","attributes":{"d":"M36 9.59998L18 12L36 14.4V9.59998Z","fill":"#FFC32C"},"children":[]},{"name":"path","type":"element","value":"","attributes":{"d":"M15.5999 0H20.3999L17.9999 12L15.5999 0Z","fill":"#FFC32C"},"children":[]},{"name":"path","type":"element","value":"","attributes":{"d":"M15.5999 24H20.3999L17.9999 12L15.5999 24Z","fill":"#FFC32C"},"children":[]},{"name":"ellipse","type":"element","value":"","attributes":{"cx":"18","cy":"12","rx":"6.6","ry":"6.6","fill":"#EA3B4D"},"children":[]},{"name":"circle","type":"element","value":"","attributes":{"cx":"18.0002","cy":"12.0002","r":"4.8","fill":"#FFC32C"},"children":[]}]},{"name":"defs","type":"element","value":"","attributes":{},"children":[{"name":"clipPath","type":"element","value":"","attributes":{"id":"clip0_12_2396"},"children":[{"name":"rect","type":"element","value":"","attributes":{"width":"36","height":"24","fill":"white"},"children":[]}]}]}]}