{"name":"svg","type":"element","value":"","attributes":{"width":"36","height":"24","viewBox":"0 0 36 24","fill":"none","xmlns":"http://www.w3.org/2000/svg"},"children":[{"name":"g","type":"element","value":"","attributes":{"clip-path":"url(#clip0_12_1714)"},"children":[{"name":"rect","type":"element","value":"","attributes":{"width":"36","height":"24","fill":"#3958B4"},"children":[]},{"name":"rect","type":"element","value":"","attributes":{"width":"12","height":"24","fill":"#EA3B4D"},"children":[]},{"name":"g","type":"element","value":"","attributes":{"clip-path":"url(#clip1_12_1714)"},"children":[{"name":"path","type":"element","value":"","attributes":{"d":"M3.94288 9.88281H2.40002V17.6949H3.94288V9.88281Z","fill":"#FFC32C"},"children":[]},{"name":"path","type":"element","value":"","attributes":{"d":"M9.59962 9.88281H8.05676V17.6949H9.59962V9.88281Z","fill":"#FFC32C"},"children":[]},{"name":"path","type":"element","value":"","attributes":{"d":"M5.99952 15.308C6.85162 15.308 7.54238 14.6244 7.54238 13.7812C7.54238 12.938 6.85162 12.2544 5.99952 12.2544C5.14743 12.2544 4.45667 12.938 4.45667 13.7812C4.45667 14.6244 5.14743 15.308 5.99952 15.308Z","fill":"#FFC32C"},"children":[]},{"name":"path","type":"element","value":"","attributes":{"d":"M5.99952 9.35339C6.85162 9.35339 7.54238 8.66982 7.54238 7.8266C7.54238 6.98337 6.85162 6.2998 5.99952 6.2998C5.14743 6.2998 4.45667 6.98337 4.45667 7.8266C4.45667 8.66982 5.14743 9.35339 5.99952 9.35339Z","fill":"#FFC32C"},"children":[]},{"name":"path","type":"element","value":"","attributes":{"d":"M7.54238 15.8219H4.45667V16.3308H7.54238V15.8219Z","fill":"#FFC32C"},"children":[]},{"name":"path","type":"element","value":"","attributes":{"d":"M7.54238 11.394H4.45667V11.903H7.54238V11.394Z","fill":"#FFC32C"},"children":[]},{"name":"path","type":"element","value":"","attributes":{"d":"M5.99952 16.6821H7.54238L5.99952 17.7L4.45667 16.6821H5.99952Z","fill":"#FFC32C"},"children":[]},{"name":"path","type":"element","value":"","attributes":{"d":"M5.99952 9.86768H7.54238L5.99952 10.8855L4.45667 9.86768H5.99952Z","fill":"#FFC32C"},"children":[]}]},{"name":"rect","type":"element","value":"","attributes":{"x":"24","width":"12","height":"24","fill":"#EA3B4D"},"children":[]}]},{"name":"defs","type":"element","value":"","attributes":{},"children":[{"name":"clipPath","type":"element","value":"","attributes":{"id":"clip0_12_1714"},"children":[{"name":"rect","type":"element","value":"","attributes":{"width":"36","height":"24","fill":"white"},"children":[]}]},{"name":"clipPath","type":"element","value":"","attributes":{"id":"clip1_12_1714"},"children":[{"name":"rect","type":"element","value":"","attributes":{"width":"7.2","height":"11.4","fill":"white","transform":"translate(2.40002 6.2998)"},"children":[]}]}]}]}