{"name":"svg","type":"element","value":"","attributes":{"width":"36","height":"24","viewBox":"0 0 36 24","fill":"none","xmlns":"http://www.w3.org/2000/svg"},"children":[{"name":"rect","type":"element","value":"","attributes":{"x":"1.1","y":"1.1","width":"33.8","height":"21.8","fill":"#EA3B4D"},"children":[]},{"name":"path","type":"element","value":"","attributes":{"d":"M21.0896 10.023L20.7667 7.99176H21.9231L21.1987 6.85681L20.758 6.6001H19.0213L18.4715 10.023H17.5289L16.9791 6.6001H15.2424L14.8016 6.85681L14.0773 7.99176H15.2336L14.9107 10.023H13.2002L16.0016 17.4001H19.99L22.8002 10.023H21.0896Z","fill":"#FFC32C"},"children":[]},{"name":"rect","type":"element","value":"","attributes":{"x":"1.1","y":"1.1","width":"33.8","height":"21.8","stroke":"#FFC32C","stroke-width":"2.2"},"children":[]}]}