{"name":"svg","type":"element","value":"","attributes":{"width":"36","height":"24","viewBox":"0 0 36 24","fill":"none","xmlns":"http://www.w3.org/2000/svg"},"children":[{"name":"rect","type":"element","value":"","attributes":{"width":"36","height":"24","fill":"#3958B4"},"children":[]},{"name":"rect","type":"element","value":"","attributes":{"y":"11.4","width":"36","height":"1.2","fill":"#FFC32C"},"children":[]},{"name":"path","type":"element","value":"","attributes":{"d":"M8.10005 21.6L8.63625 19.8693L10.1395 20.9699L9.50367 19.2698L11.4 19.3194L9.8349 18.3L11.4 17.28L9.50367 17.3301L10.1395 15.63L8.63625 16.7307L8.10005 15L7.56385 16.7307L6.06055 15.63L6.69642 17.3301L4.80005 17.28L6.3652 18.3L4.80005 19.3194L6.69642 19.2698L6.06055 20.9699L7.56385 19.8693L8.10005 21.6Z","fill":"white"},"children":[]}]}