{"name":"svg","type":"element","value":"","attributes":{"width":"36","height":"24","viewBox":"0 0 36 24","fill":"none","xmlns":"http://www.w3.org/2000/svg"},"children":[{"name":"g","type":"element","value":"","attributes":{"clip-path":"url(#clip0_12_2063)"},"children":[{"name":"rect","type":"element","value":"","attributes":{"width":"36","height":"24","fill":"white"},"children":[]},{"name":"rect","type":"element","value":"","attributes":{"width":"36","height":"7.8","fill":"#5F97E0"},"children":[]},{"name":"rect","type":"element","value":"","attributes":{"y":"16.2002","width":"36","height":"7.8","fill":"#5F97E0"},"children":[]},{"name":"path","type":"element","value":"","attributes":{"fill-rule":"evenodd","clip-rule":"evenodd","d":"M18 15C19.6569 15 21 13.6569 21 12C21 10.3432 19.6569 9.00002 18 9.00002C16.3432 9.00002 15 10.3432 15 12C15 13.6569 16.3432 15 18 15ZM21.6 12C21.6 13.9882 19.9882 15.6 18 15.6C16.0118 15.6 14.4 13.9882 14.4 12C14.4 10.0118 16.0118 8.40002 18 8.40002C19.9882 8.40002 21.6 10.0118 21.6 12Z","fill":"#FFC32C"},"children":[]},{"name":"path","type":"element","value":"","attributes":{"d":"M18.0003 9.8999L20.1003 13.4999H15.9003L18.0003 9.8999Z","fill":"#9EC5E6"},"children":[]}]},{"name":"defs","type":"element","value":"","attributes":{},"children":[{"name":"clipPath","type":"element","value":"","attributes":{"id":"clip0_12_2063"},"children":[{"name":"rect","type":"element","value":"","attributes":{"width":"36","height":"24","fill":"white"},"children":[]}]}]}]}