{"name":"svg","type":"element","value":"","attributes":{"width":"36","height":"24","viewBox":"0 0 36 24","fill":"none","xmlns":"http://www.w3.org/2000/svg"},"children":[{"name":"g","type":"element","value":"","attributes":{"clip-path":"url(#clip0_12_2676)"},"children":[{"name":"rect","type":"element","value":"","attributes":{"width":"36","height":"24","fill":"white"},"children":[]},{"name":"rect","type":"element","value":"","attributes":{"y":"19.2002","width":"36","height":"4.8","fill":"#3958B4"},"children":[]},{"name":"rect","type":"element","value":"","attributes":{"width":"36","height":"4.8","fill":"#3958B4"},"children":[]},{"name":"rect","type":"element","value":"","attributes":{"y":"5.40002","width":"36","height":"13.2","fill":"#EA3B4D"},"children":[]},{"name":"ellipse","type":"element","value":"","attributes":{"cx":"9.5998","cy":"12.0002","rx":"4.8","ry":"4.8","fill":"white"},"children":[]},{"name":"path","type":"element","value":"","attributes":{"d":"M9.5998 7.2002L10.7321 10.6384H14.3998L11.4337 12.7579L12.566 16.1961L9.5998 14.0726L6.63365 16.2002L7.76596 12.762L4.7998 10.6344H8.4675L9.5998 7.2002Z","fill":"#EA3B4D"},"children":[]}]},{"name":"defs","type":"element","value":"","attributes":{},"children":[{"name":"clipPath","type":"element","value":"","attributes":{"id":"clip0_12_2676"},"children":[{"name":"rect","type":"element","value":"","attributes":{"width":"36","height":"24","fill":"white"},"children":[]}]}]}]}