{"name":"svg","type":"element","value":"","attributes":{"width":"36","height":"24","viewBox":"0 0 36 24","fill":"none","xmlns":"http://www.w3.org/2000/svg"},"children":[{"name":"g","type":"element","value":"","attributes":{"clip-path":"url(#clip0_12_3181)"},"children":[{"name":"rect","type":"element","value":"","attributes":{"width":"36","height":"24","fill":"#EA3B4D"},"children":[]},{"name":"rect","type":"element","value":"","attributes":{"x":"7.2002","width":"4.8","height":"24","fill":"white"},"children":[]},{"name":"rect","type":"element","value":"","attributes":{"y":"9.59998","width":"36","height":"4.8","fill":"white"},"children":[]},{"name":"rect","type":"element","value":"","attributes":{"x":"8.99988","width":"1.2","height":"24","fill":"#3958B4"},"children":[]},{"name":"rect","type":"element","value":"","attributes":{"y":"11.4","width":"36","height":"1.2","fill":"#3958B4"},"children":[]}]},{"name":"defs","type":"element","value":"","attributes":{},"children":[{"name":"clipPath","type":"element","value":"","attributes":{"id":"clip0_12_3181"},"children":[{"name":"rect","type":"element","value":"","attributes":{"width":"36","height":"24","fill":"white"},"children":[]}]}]}]}