{"name":"svg","type":"element","value":"","attributes":{"width":"36","height":"24","viewBox":"0 0 36 24","fill":"none","xmlns":"http://www.w3.org/2000/svg"},"children":[{"name":"g","type":"element","value":"","attributes":{"clip-path":"url(#clip0_12_2756)"},"children":[{"name":"rect","type":"element","value":"","attributes":{"width":"36","height":"24","fill":"white"},"children":[]},{"name":"rect","type":"element","value":"","attributes":{"x":"18.0001","width":"18","height":"12","fill":"#EA3B4D"},"children":[]},{"name":"rect","type":"element","value":"","attributes":{"y":"12","width":"18","height":"12","fill":"#3958B4"},"children":[]},{"name":"path","type":"element","value":"","attributes":{"d":"M9.0002 3L9.77866 5.29213H12.3002L10.261 6.70517L11.0394 8.9973L9.0002 7.58157L6.96096 9L7.73943 6.70787L5.7002 5.28944H8.22173L9.0002 3Z","fill":"#3958B4"},"children":[]},{"name":"path","type":"element","value":"","attributes":{"d":"M27.0002 15L27.7787 17.2921H30.3002L28.261 18.7052L29.0394 20.9973L27.0002 19.5816L24.961 21L25.7394 18.7079L23.7002 17.2894H26.2217L27.0002 15Z","fill":"#EA3B4D"},"children":[]}]},{"name":"defs","type":"element","value":"","attributes":{},"children":[{"name":"clipPath","type":"element","value":"","attributes":{"id":"clip0_12_2756"},"children":[{"name":"rect","type":"element","value":"","attributes":{"width":"36","height":"24","fill":"white"},"children":[]}]}]}]}