{"name":"svg","type":"element","value":"","attributes":{"width":"36","height":"24","viewBox":"0 0 36 24","fill":"none","xmlns":"http://www.w3.org/2000/svg"},"children":[{"name":"g","type":"element","value":"","attributes":{"clip-path":"url(#clip0_12_2417)"},"children":[{"name":"rect","type":"element","value":"","attributes":{"width":"36","height":"24","fill":"white"},"children":[]},{"name":"rect","type":"element","value":"","attributes":{"width":"36","height":"7.8","fill":"#EA3B4D"},"children":[]},{"name":"rect","type":"element","value":"","attributes":{"y":"16.2002","width":"36","height":"7.8","fill":"#5F97E0"},"children":[]},{"name":"path","type":"element","value":"","attributes":{"d":"M20.2502 12C20.2502 13.2426 19.2429 14.25 18.0002 14.25C16.7576 14.25 15.7502 13.2426 15.7502 12C15.7502 10.7574 16.7576 9.75 18.0002 9.75C19.2429 9.75 20.2502 10.7574 20.2502 12Z","stroke":"#EA3B4D","stroke-width":"1.5"},"children":[]}]},{"name":"defs","type":"element","value":"","attributes":{},"children":[{"name":"clipPath","type":"element","value":"","attributes":{"id":"clip0_12_2417"},"children":[{"name":"rect","type":"element","value":"","attributes":{"width":"36","height":"24","fill":"white"},"children":[]}]}]}]}