{"name":"svg","type":"element","value":"","attributes":{"width":"36","height":"24","viewBox":"0 0 36 24","fill":"none","xmlns":"http://www.w3.org/2000/svg"},"children":[{"name":"g","type":"element","value":"","attributes":{"clip-path":"url(#clip0_12_1690)"},"children":[{"name":"rect","type":"element","value":"","attributes":{"width":"36","height":"24","fill":"#FFC32C"},"children":[]},{"name":"rect","type":"element","value":"","attributes":{"width":"9.6","height":"24","fill":"#3958B4"},"children":[]},{"name":"rect","type":"element","value":"","attributes":{"x":"26.4003","width":"9.6","height":"24","fill":"#54A360"},"children":[]},{"name":"rect","type":"element","value":"","attributes":{"x":"12","y":"12.1456","width":"3.6","height":"3.6","transform":"rotate(-45 12 12.1456)","fill":"#54A360"},"children":[]},{"name":"rect","type":"element","value":"","attributes":{"width":"3.6","height":"3.6","transform":"matrix(0.707106 -0.707107 0.707106 0.707107 15.3936 15.3335)","fill":"#54A360"},"children":[]},{"name":"rect","type":"element","value":"","attributes":{"x":"18.7883","y":"11.9395","width":"3.6","height":"3.6","transform":"rotate(-45 18.7883 11.9395)","fill":"#54A360"},"children":[]}]},{"name":"defs","type":"element","value":"","attributes":{},"children":[{"name":"clipPath","type":"element","value":"","attributes":{"id":"clip0_12_1690"},"children":[{"name":"rect","type":"element","value":"","attributes":{"width":"36","height":"24","fill":"white"},"children":[]}]}]}]}