{"name":"svg","type":"element","value":"","attributes":{"width":"36","height":"24","viewBox":"0 0 36 24","fill":"none","xmlns":"http://www.w3.org/2000/svg"},"children":[{"name":"g","type":"element","value":"","attributes":{"clip-path":"url(#clip0_12_2278)"},"children":[{"name":"rect","type":"element","value":"","attributes":{"width":"36","height":"24","fill":"#54A360"},"children":[]},{"name":"path","type":"element","value":"","attributes":{"d":"M36 0V24H0L36 0Z","fill":"#EA3B4D"},"children":[]},{"name":"path","type":"element","value":"","attributes":{"fill-rule":"evenodd","clip-rule":"evenodd","d":"M29.51 0L0 19.6733V24L6.48998 24L36 4.32665V0H29.51Z","fill":"#FFC32C"},"children":[]},{"name":"path","type":"element","value":"","attributes":{"fill-rule":"evenodd","clip-rule":"evenodd","d":"M31.6734 0L0 21.1156V24H4.32673L36 2.88449V5.43594e-05L36 0H31.6734Z","fill":"#3C434C"},"children":[]},{"name":"path","type":"element","value":"","attributes":{"d":"M13.299 13.35L14.0639 13.9671L15.0565 13.394L14.5364 14.3469L15.3012 14.964L14.2154 14.9371L13.6963 15.8919L13.5443 14.921L12.4579 14.8931L13.4505 14.32L13.299 13.35Z","fill":"white"},"children":[]},{"name":"path","type":"element","value":"","attributes":{"d":"M13.299 13.35L14.0639 13.9671L15.0565 13.394L14.5364 14.3469L15.3012 14.964L14.2154 14.9371L13.6963 15.8919L13.5443 14.921L12.4579 14.8931L13.4505 14.32L13.299 13.35Z","fill":"white"},"children":[]},{"name":"path","type":"element","value":"","attributes":{"d":"M13.299 13.35L14.0639 13.9671L15.0565 13.394L14.5364 14.3469L15.3012 14.964L14.2154 14.9371L13.6963 15.8919L13.5443 14.921L12.4579 14.8931L13.4505 14.32L13.299 13.35Z","fill":"white"},"children":[]},{"name":"path","type":"element","value":"","attributes":{"d":"M19.899 9.15002L20.6639 9.76712L21.6565 9.19404L21.1363 10.147L21.9012 10.7641L20.8153 10.7371L20.2963 11.6919L20.1443 10.721L19.0579 10.6931L20.0505 10.12L19.899 9.15002Z","fill":"white"},"children":[]},{"name":"path","type":"element","value":"","attributes":{"d":"M19.899 9.15002L20.6639 9.76712L21.6565 9.19404L21.1363 10.147L21.9012 10.7641L20.8153 10.7371L20.2963 11.6919L20.1443 10.721L19.0579 10.6931L20.0505 10.12L19.899 9.15002Z","fill":"white"},"children":[]},{"name":"path","type":"element","value":"","attributes":{"d":"M19.899 9.15002L20.6639 9.76712L21.6565 9.19404L21.1363 10.147L21.9012 10.7641L20.8153 10.7371L20.2963 11.6919L20.1443 10.721L19.0579 10.6931L20.0505 10.12L19.899 9.15002Z","fill":"white"},"children":[]}]},{"name":"defs","type":"element","value":"","attributes":{},"children":[{"name":"clipPath","type":"element","value":"","attributes":{"id":"clip0_12_2278"},"children":[{"name":"rect","type":"element","value":"","attributes":{"width":"36","height":"24","fill":"white"},"children":[]}]}]}]}