{"name":"svg","type":"element","value":"","attributes":{"width":"36","height":"24","viewBox":"0 0 36 24","fill":"none","xmlns":"http://www.w3.org/2000/svg"},"children":[{"name":"rect","type":"element","value":"","attributes":{"width":"36","height":"24","fill":"#34ACD9"},"children":[]},{"name":"path","type":"element","value":"","attributes":{"d":"M18.0002 3.6001L28.8002 22.2001H7.2002L18.0002 3.6001Z","fill":"white"},"children":[]},{"name":"path","type":"element","value":"","attributes":{"d":"M17.9999 5.3999L27.5999 22.1999H8.3999L17.9999 5.3999Z","fill":"#3C434C"},"children":[]},{"name":"path","type":"element","value":"","attributes":{"d":"M18.0002 15L28.8002 22.2H7.2002L18.0002 15Z","fill":"#FFC32C"},"children":[]}]}