{"name":"svg","type":"element","value":"","attributes":{"width":"36","height":"24","viewBox":"0 0 36 24","fill":"none","xmlns":"http://www.w3.org/2000/svg"},"children":[{"name":"g","type":"element","value":"","attributes":{"clip-path":"url(#clip0_12_2451)"},"children":[{"name":"rect","type":"element","value":"","attributes":{"width":"36","height":"24","fill":"#FFC32C"},"children":[]},{"name":"rect","type":"element","value":"","attributes":{"width":"36","height":"7.8","fill":"#54A360"},"children":[]},{"name":"rect","type":"element","value":"","attributes":{"y":"16.2002","width":"36","height":"7.8","fill":"#54A360"},"children":[]},{"name":"path","type":"element","value":"","attributes":{"d":"M0 0L18 12L0 24V0Z","fill":"#EA3B4D"},"children":[]},{"name":"path","type":"element","value":"","attributes":{"d":"M30.9003 9.6001L31.5372 11.4338H33.6003L31.9319 12.5642L32.5688 14.3979L30.9003 13.2654L29.2319 14.4001L29.8688 12.5664L28.2003 11.4316H30.2634L30.9003 9.6001Z","fill":"#3C434C"},"children":[]},{"name":"path","type":"element","value":"","attributes":{"d":"M23.0999 9.6001L23.7368 11.4338H25.7999L24.1314 12.5642L24.7684 14.3979L23.0999 13.2654L21.4314 14.4001L22.0684 12.5664L20.3999 11.4316H22.463L23.0999 9.6001Z","fill":"#3C434C"},"children":[]}]},{"name":"defs","type":"element","value":"","attributes":{},"children":[{"name":"clipPath","type":"element","value":"","attributes":{"id":"clip0_12_2451"},"children":[{"name":"rect","type":"element","value":"","attributes":{"width":"36","height":"24","fill":"white"},"children":[]}]}]}]}