{"name":"svg","type":"element","value":"","attributes":{"width":"36","height":"24","viewBox":"0 0 36 24","fill":"none","xmlns":"http://www.w3.org/2000/svg"},"children":[{"name":"g","type":"element","value":"","attributes":{"clip-path":"url(#clip0_12_2424)"},"children":[{"name":"rect","type":"element","value":"","attributes":{"width":"36","height":"24","fill":"#3958B4"},"children":[]},{"name":"rect","type":"element","value":"","attributes":{"width":"36","height":"7.8","fill":"#EA3B4D"},"children":[]},{"name":"rect","type":"element","value":"","attributes":{"y":"16.2002","width":"36","height":"7.8","fill":"white"},"children":[]},{"name":"path","type":"element","value":"","attributes":{"d":"M14.6571 9.58164L14.2537 7.10561H15.6985L14.7934 5.71904L14.2482 5.3999H12.0729L11.3914 9.58164H10.2083L9.52129 5.3999H7.35137L6.80071 5.71904L5.89567 7.10561H7.34592L6.94247 9.58164H4.7998L8.30003 18.5999H13.2887L16.7998 9.58164H14.6571Z","fill":"#FFC32C"},"children":[]}]},{"name":"defs","type":"element","value":"","attributes":{},"children":[{"name":"clipPath","type":"element","value":"","attributes":{"id":"clip0_12_2424"},"children":[{"name":"rect","type":"element","value":"","attributes":{"width":"36","height":"24","fill":"white"},"children":[]}]}]}]}