{"name":"svg","type":"element","value":"","attributes":{"width":"36","height":"24","viewBox":"0 0 36 24","fill":"none","xmlns":"http://www.w3.org/2000/svg"},"children":[{"name":"g","type":"element","value":"","attributes":{"clip-path":"url(#clip0_12_2431)"},"children":[{"name":"rect","type":"element","value":"","attributes":{"width":"36","height":"24","fill":"#3958B4"},"children":[]},{"name":"rect","type":"element","value":"","attributes":{"width":"36","height":"7.8","fill":"white"},"children":[]},{"name":"rect","type":"element","value":"","attributes":{"y":"16.2002","width":"36","height":"7.8","fill":"#EA3B4D"},"children":[]},{"name":"path","type":"element","value":"","attributes":{"d":"M12.6002 18.5999C12.4789 18.6003 12.3584 18.5795 12.2438 18.5386C12.0386 18.4662 7.2434 16.6831 7.2002 12.2144V6.5143C7.2002 5.89883 7.68373 5.3999 8.2802 5.3999H16.9202C17.5167 5.3999 18.0002 5.89883 18.0002 6.5143V12.1921C18.0002 16.6497 13.1402 18.455 12.9566 18.533C12.8423 18.5759 12.7218 18.5985 12.6002 18.5999Z","fill":"white"},"children":[]},{"name":"path","type":"element","value":"","attributes":{"d":"M8.28027 6.51465V12.1925C8.31807 15.9313 12.6003 17.4803 12.6003 17.4803C12.6003 17.4803 16.9203 15.9313 16.9203 12.1925V6.51465H8.28027Z","fill":"#EA3B4D"},"children":[]},{"name":"path","type":"element","value":"","attributes":{"d":"M13.2 6H12V18H13.2V6Z","fill":"white"},"children":[]},{"name":"path","type":"element","value":"","attributes":{"d":"M15.0002 7.7998H10.2002V8.99981H15.0002V7.7998Z","fill":"white"},"children":[]},{"name":"path","type":"element","value":"","attributes":{"d":"M15.6001 10.7998H9.6001V11.9998H15.6001V10.7998Z","fill":"white"},"children":[]},{"name":"path","type":"element","value":"","attributes":{"d":"M12.5937 17.4854C12.5937 17.4854 16.0551 16.2373 16.7733 13.2842H8.40332C9.15932 16.2373 12.5937 17.4854 12.5937 17.4854Z","fill":"#3958B4"},"children":[]}]},{"name":"defs","type":"element","value":"","attributes":{},"children":[{"name":"clipPath","type":"element","value":"","attributes":{"id":"clip0_12_2431"},"children":[{"name":"rect","type":"element","value":"","attributes":{"width":"36","height":"24","fill":"white"},"children":[]}]}]}]}