{"name":"svg","type":"element","value":"","attributes":{"width":"36","height":"24","viewBox":"0 0 36 24","fill":"none","xmlns":"http://www.w3.org/2000/svg"},"children":[{"name":"g","type":"element","value":"","attributes":{"clip-path":"url(#clip0_12_2440)"},"children":[{"name":"rect","type":"element","value":"","attributes":{"width":"36","height":"24","fill":"#3958B4"},"children":[]},{"name":"rect","type":"element","value":"","attributes":{"width":"36","height":"7.8","fill":"white"},"children":[]},{"name":"rect","type":"element","value":"","attributes":{"y":"16.2002","width":"36","height":"7.8","fill":"#EA3B4D"},"children":[]},{"name":"path","type":"element","value":"","attributes":{"d":"M18.0002 2.3999V8.04012C18.0002 12.4682 13.1402 14.2615 12.9566 14.339C12.842 14.3797 12.7215 14.4003 12.6002 14.3999C12.4789 14.4003 12.3584 14.3797 12.2438 14.339C12.0386 14.2671 7.2434 12.4958 7.2002 8.05673V2.3999H18.0002Z","fill":"#EA3B4D"},"children":[]},{"name":"path","type":"element","value":"","attributes":{"d":"M8.28027 2.3999V8.04012C8.31807 11.7541 12.6003 13.2929 12.6003 13.2929C12.6003 13.2929 16.9203 11.7541 16.9203 8.04012V2.3999H8.28027Z","fill":"#3958B4"},"children":[]},{"name":"path","type":"element","value":"","attributes":{"d":"M8.6084 9.70629C9.6182 12.2192 12.5936 13.293 12.5936 13.293C12.5936 13.293 15.5852 12.2192 16.5842 9.71736L12.5936 5.62695L8.6084 9.70629Z","fill":"white"},"children":[]}]},{"name":"defs","type":"element","value":"","attributes":{},"children":[{"name":"clipPath","type":"element","value":"","attributes":{"id":"clip0_12_2440"},"children":[{"name":"rect","type":"element","value":"","attributes":{"width":"36","height":"24","fill":"white"},"children":[]}]}]}]}