{"name":"svg","type":"element","value":"","attributes":{"width":"36","height":"24","viewBox":"0 0 36 24","fill":"none","xmlns":"http://www.w3.org/2000/svg"},"children":[{"name":"g","type":"element","value":"","attributes":{"clip-path":"url(#clip0_12_2314)"},"children":[{"name":"rect","type":"element","value":"","attributes":{"width":"36","height":"24","fill":"#3958B4"},"children":[]},{"name":"path","type":"element","value":"","attributes":{"d":"M36 0V24H0L36 0Z","fill":"#54A360"},"children":[]},{"name":"path","type":"element","value":"","attributes":{"fill-rule":"evenodd","clip-rule":"evenodd","d":"M31.91 0L0 22.0733V24L4.08998 24L36 1.92665V0H31.91Z","fill":"#FFC32C"},"children":[]},{"name":"path","type":"element","value":"","attributes":{"d":"M4.20002 2.40002L4.62464 3.54609H6.00002L4.88772 4.25261L5.31233 5.39868L4.20002 4.69081L3.08772 5.40002L3.51233 4.25396L2.40002 3.54474H3.77541L4.20002 2.40002Z","fill":"white"},"children":[]},{"name":"path","type":"element","value":"","attributes":{"d":"M10.1999 2.3999L10.6245 3.54597H11.9999L10.8876 4.25249L11.3122 5.39855L10.1999 4.69069L9.08759 5.3999L9.51221 4.25383L8.3999 3.54462H9.77529L10.1999 2.3999Z","fill":"white"},"children":[]},{"name":"path","type":"element","value":"","attributes":{"d":"M7.20002 5.40002L7.62464 6.54609H9.00002L7.88772 7.25261L8.31233 8.39868L7.20002 7.69081L6.08772 8.40002L6.51233 7.25396L5.40002 6.54474H6.77541L7.20002 5.40002Z","fill":"white"},"children":[]},{"name":"path","type":"element","value":"","attributes":{"d":"M4.20002 8.40002L4.62464 9.54609H6.00002L4.88772 10.2526L5.31233 11.3987L4.20002 10.6908L3.08772 11.4L3.51233 10.254L2.40002 9.54474H3.77541L4.20002 8.40002Z","fill":"white"},"children":[]},{"name":"path","type":"element","value":"","attributes":{"d":"M10.1999 8.3999L10.6245 9.54597H11.9999L10.8876 10.2525L11.3122 11.3986L10.1999 10.6907L9.08759 11.3999L9.51221 10.2538L8.3999 9.54462H9.77529L10.1999 8.3999Z","fill":"white"},"children":[]}]},{"name":"defs","type":"element","value":"","attributes":{},"children":[{"name":"clipPath","type":"element","value":"","attributes":{"id":"clip0_12_2314"},"children":[{"name":"rect","type":"element","value":"","attributes":{"width":"36","height":"24","fill":"white"},"children":[]}]}]}]}