{"name":"svg","type":"element","value":"","attributes":{"width":"36","height":"24","viewBox":"0 0 36 24","fill":"none","xmlns":"http://www.w3.org/2000/svg"},"children":[{"name":"rect","type":"element","value":"","attributes":{"width":"36","height":"24","fill":"#5F97E0"},"children":[]},{"name":"path","type":"element","value":"","attributes":{"d":"M17.9999 5.7002L19.5568 10.5137H24.5999L20.5214 13.481L22.0784 18.2945L17.9999 15.3215L13.9214 18.3002L15.4784 13.4867L11.3999 10.508H16.443L17.9999 5.7002Z","fill":"white"},"children":[]}]}