{"name":"svg","type":"element","value":"","attributes":{"width":"36","height":"24","viewBox":"0 0 36 24","fill":"none","xmlns":"http://www.w3.org/2000/svg"},"children":[{"name":"g","type":"element","value":"","attributes":{"clip-path":"url(#clip0_12_2193)"},"children":[{"name":"rect","type":"element","value":"","attributes":{"width":"36","height":"24","fill":"white"},"children":[]},{"name":"rect","type":"element","value":"","attributes":{"width":"36","height":"7.2","fill":"#EA3B4D"},"children":[]},{"name":"rect","type":"element","value":"","attributes":{"y":"16.7998","width":"36","height":"7.2","fill":"#3958B4"},"children":[]},{"name":"path","type":"element","value":"","attributes":{"d":"M0 0L18 8.4V15.6L0 24V0Z","fill":"#54A360"},"children":[]},{"name":"path","type":"element","value":"","attributes":{"fill-rule":"evenodd","clip-rule":"evenodd","d":"M0 0V7.15256e-06L18 8.40001V15.6L0 24L2.83766 24L19.2 16.3642V7.63577L2.83763 0H0Z","fill":"white"},"children":[]},{"name":"rect","type":"element","value":"","attributes":{"y":"8.40002","width":"36","height":"7.2","fill":"#54A360"},"children":[]},{"name":"path","type":"element","value":"","attributes":{"d":"M0 4.7998L14.4 11.9998L0 19.1998V4.7998Z","fill":"#FFC32C"},"children":[]},{"name":"path","type":"element","value":"","attributes":{"d":"M0 6L12 12L0 18V6Z","fill":"#3C434C"},"children":[]}]},{"name":"defs","type":"element","value":"","attributes":{},"children":[{"name":"clipPath","type":"element","value":"","attributes":{"id":"clip0_12_2193"},"children":[{"name":"rect","type":"element","value":"","attributes":{"width":"36","height":"24","fill":"white"},"children":[]}]}]}]}