{"name":"svg","type":"element","value":"","attributes":{"width":"36","height":"24","viewBox":"0 0 36 24","fill":"none","xmlns":"http://www.w3.org/2000/svg"},"children":[{"name":"g","type":"element","value":"","attributes":{"clip-path":"url(#clip0_12_2933)"},"children":[{"name":"rect","type":"element","value":"","attributes":{"width":"36","height":"24","fill":"white"},"children":[]},{"name":"rect","type":"element","value":"","attributes":{"width":"36","height":"7.2","fill":"#3C434C"},"children":[]},{"name":"rect","type":"element","value":"","attributes":{"y":"16.7998","width":"36","height":"7.2","fill":"#54A360"},"children":[]},{"name":"rect","type":"element","value":"","attributes":{"y":"8.40002","width":"36","height":"7.2","fill":"#EA3B4D"},"children":[]},{"name":"path","type":"element","value":"","attributes":{"d":"M0 0L18 12L0 24V0Z","fill":"#3958B4"},"children":[]},{"name":"path","type":"element","value":"","attributes":{"d":"M5.82354 9.10244L7.16873 11.115L9.60435 10.4624L8.00032 12.355L9.34551 14.3676L7.00934 13.5279L5.40671 15.4258L5.5654 13.0103L3.22854 12.168L5.66416 11.5153L5.82354 9.10244Z","fill":"#FFC32C"},"children":[]}]},{"name":"defs","type":"element","value":"","attributes":{},"children":[{"name":"clipPath","type":"element","value":"","attributes":{"id":"clip0_12_2933"},"children":[{"name":"rect","type":"element","value":"","attributes":{"width":"36","height":"24","fill":"white"},"children":[]}]}]}]}