{"name":"svg","type":"element","value":"","attributes":{"width":"36","height":"24","viewBox":"0 0 36 24","fill":"none","xmlns":"http://www.w3.org/2000/svg"},"children":[{"name":"g","type":"element","value":"","attributes":{"clip-path":"url(#clip0_12_3019)"},"children":[{"name":"rect","type":"element","value":"","attributes":{"width":"36","height":"24","fill":"#EA3B4D"},"children":[]},{"name":"rect","type":"element","value":"","attributes":{"x":"4.80005","y":"12.6001","width":"26.4","height":"1.2","fill":"#FFC32C"},"children":[]},{"name":"rect","type":"element","value":"","attributes":{"x":"7.2002","y":"10.2002","width":"21.6","height":"0.599998","fill":"#FFC32C"},"children":[]},{"name":"rect","type":"element","value":"","attributes":{"width":"36","height":"4.8","fill":"#3958B4"},"children":[]},{"name":"rect","type":"element","value":"","attributes":{"y":"19.2002","width":"36","height":"4.8","fill":"#3958B4"},"children":[]},{"name":"circle","type":"element","value":"","attributes":{"cx":"14.9998","cy":"11.9998","r":"4.2","fill":"#3C434C"},"children":[]},{"name":"ellipse","type":"element","value":"","attributes":{"cx":"20.9998","cy":"11.9998","rx":"4.2","ry":"4.2","fill":"white"},"children":[]},{"name":"rect","type":"element","value":"","attributes":{"y":"4.7998","width":"36","height":"1.2","fill":"#FFC32C"},"children":[]},{"name":"rect","type":"element","value":"","attributes":{"y":"18","width":"36","height":"1.2","fill":"#FFC32C"},"children":[]}]},{"name":"defs","type":"element","value":"","attributes":{},"children":[{"name":"clipPath","type":"element","value":"","attributes":{"id":"clip0_12_3019"},"children":[{"name":"rect","type":"element","value":"","attributes":{"width":"36","height":"24","fill":"white"},"children":[]}]}]}]}