{"name":"svg","type":"element","value":"","attributes":{"width":"36","height":"24","viewBox":"0 0 36 24","fill":"none","xmlns":"http://www.w3.org/2000/svg"},"children":[{"name":"g","type":"element","value":"","attributes":{"clip-path":"url(#clip0_12_2457)"},"children":[{"name":"rect","type":"element","value":"","attributes":{"width":"36","height":"24","fill":"white"},"children":[]},{"name":"rect","type":"element","value":"","attributes":{"width":"36","height":"7.8","fill":"#EA3B4D"},"children":[]},{"name":"rect","type":"element","value":"","attributes":{"y":"16.2002","width":"36","height":"7.8","fill":"#3C434C"},"children":[]},{"name":"path","type":"element","value":"","attributes":{"d":"M22.4998 9.6001L23.1367 11.4338H25.1998L23.5313 12.5642L24.1683 14.3979L22.4998 13.2654L20.8313 14.4001L21.4683 12.5664L19.7998 11.4316H21.8629L22.4998 9.6001Z","fill":"#54A360"},"children":[]},{"name":"path","type":"element","value":"","attributes":{"d":"M13.4998 9.6001L14.1367 11.4338H16.1998L14.5313 12.5642L15.1683 14.3979L13.4998 13.2654L11.8313 14.4001L12.4683 12.5664L10.7998 11.4316H12.8629L13.4998 9.6001Z","fill":"#54A360"},"children":[]}]},{"name":"defs","type":"element","value":"","attributes":{},"children":[{"name":"clipPath","type":"element","value":"","attributes":{"id":"clip0_12_2457"},"children":[{"name":"rect","type":"element","value":"","attributes":{"width":"36","height":"24","fill":"white"},"children":[]}]}]}]}