{"name":"svg","type":"element","value":"","attributes":{"width":"36","height":"24","viewBox":"0 0 36 24","fill":"none","xmlns":"http://www.w3.org/2000/svg"},"children":[{"name":"rect","type":"element","value":"","attributes":{"width":"36","height":"24","fill":"#EA3B4D"},"children":[]},{"name":"path","type":"element","value":"","attributes":{"d":"M0 1.2002L26.4 12.0002L0 22.8002V1.2002Z","fill":"#FFC32C"},"children":[]},{"name":"path","type":"element","value":"","attributes":{"d":"M0 1.2002L15.6 12.0002L0 22.8002V1.2002Z","fill":"#3C434C"},"children":[]},{"name":"path","type":"element","value":"","attributes":{"d":"M5.14628 8.81239L6.61915 11.028L9.27619 10.3161L7.52966 12.3932L9.00253 14.6089L6.45066 13.6804L4.70567 15.7633L4.87339 13.108L2.32075 12.1767L4.97779 11.4648L5.14628 8.81239Z","fill":"white"},"children":[]}]}