{"name":"svg","type":"element","value":"","attributes":{"width":"36","height":"24","viewBox":"0 0 36 24","fill":"none","xmlns":"http://www.w3.org/2000/svg"},"children":[{"name":"rect","type":"element","value":"","attributes":{"width":"36","height":"24","fill":"#FFC32C"},"children":[]},{"name":"rect","type":"element","value":"","attributes":{"width":"36","height":"6","fill":"#54A360"},"children":[]},{"name":"rect","type":"element","value":"","attributes":{"y":"12","width":"36","height":"6","fill":"#54A360"},"children":[]},{"name":"rect","type":"element","value":"","attributes":{"width":"14.4","height":"12","fill":"#EA3B4D"},"children":[]},{"name":"path","type":"element","value":"","attributes":{"d":"M7.1998 2.3999L8.11981 5.15046H11.0998L8.68981 6.84611L9.6098 9.59667L7.1998 7.89779L4.7898 9.5999L5.7098 6.84934L3.2998 5.14723H6.2798L7.1998 2.3999Z","fill":"white"},"children":[]}]}