{"name":"svg","type":"element","value":"","attributes":{"width":"36","height":"24","viewBox":"0 0 36 24","fill":"none","xmlns":"http://www.w3.org/2000/svg"},"children":[{"name":"g","type":"element","value":"","attributes":{"clip-path":"url(#clip0_12_3007)"},"children":[{"name":"rect","type":"element","value":"","attributes":{"width":"36","height":"24","fill":"white"},"children":[]},{"name":"rect","type":"element","value":"","attributes":{"width":"36","height":"4","fill":"#3C434C"},"children":[]},{"name":"rect","type":"element","value":"","attributes":{"y":"4","width":"36","height":"4","fill":"#FFC32C"},"children":[]},{"name":"rect","type":"element","value":"","attributes":{"y":"8","width":"36","height":"4","fill":"#EA3B4D"},"children":[]},{"name":"rect","type":"element","value":"","attributes":{"y":"12","width":"36","height":"4","fill":"#3C434C"},"children":[]},{"name":"rect","type":"element","value":"","attributes":{"y":"16","width":"36","height":"4","fill":"#FFC32C"},"children":[]},{"name":"rect","type":"element","value":"","attributes":{"y":"20","width":"36","height":"4","fill":"#EA3B4D"},"children":[]},{"name":"path","type":"element","value":"","attributes":{"d":"M13.9982 12C13.9982 9.7898 15.7899 7.99805 18.0002 7.99805V7.99805C20.2104 7.99805 22.0022 9.7898 22.0022 12V12C22.0022 14.2103 20.2104 16.002 18.0002 16.002V16.002C15.7899 16.002 13.9982 14.2103 13.9982 12V12Z","fill":"white"},"children":[]}]},{"name":"defs","type":"element","value":"","attributes":{},"children":[{"name":"clipPath","type":"element","value":"","attributes":{"id":"clip0_12_3007"},"children":[{"name":"rect","type":"element","value":"","attributes":{"width":"36","height":"24","fill":"white"},"children":[]}]}]}]}