{"name":"svg","type":"element","value":"","attributes":{"width":"36","height":"24","viewBox":"0 0 36 24","fill":"none","xmlns":"http://www.w3.org/2000/svg"},"children":[{"name":"g","type":"element","value":"","attributes":{"clip-path":"url(#clip0_12_3214)"},"children":[{"name":"rect","type":"element","value":"","attributes":{"width":"36","height":"24","fill":"#3958B4"},"children":[]},{"name":"path","type":"element","value":"","attributes":{"fill-rule":"evenodd","clip-rule":"evenodd","d":"M33.6 5.43594e-05L21.6 8.4H25.8H29.2731L35.9997 4.08449V5.43594e-05H33.6Z","fill":"white"},"children":[]},{"name":"path","type":"element","value":"","attributes":{"fill-rule":"evenodd","clip-rule":"evenodd","d":"M2.40002 5.43594e-05L14.4 8.4H10.2H6.72688L0.000290489 4.08449V5.43594e-05H2.40002Z","fill":"white"},"children":[]},{"name":"path","type":"element","value":"","attributes":{"fill-rule":"evenodd","clip-rule":"evenodd","d":"M6.3 15.6L0 19.9157V24.0001H2.4L14.4 15.6H6.3Z","fill":"white"},"children":[]},{"name":"path","type":"element","value":"","attributes":{"fill-rule":"evenodd","clip-rule":"evenodd","d":"M29.7 15.6L36 19.9157V24.0001H33.6L21.6 15.6H29.7Z","fill":"white"},"children":[]},{"name":"rect","type":"element","value":"","attributes":{"x":"14.4","width":"7.2","height":"24","fill":"white"},"children":[]},{"name":"rect","type":"element","value":"","attributes":{"y":"8.39999","width":"36","height":"7.2","fill":"white"},"children":[]},{"name":"rect","type":"element","value":"","attributes":{"x":"15.5999","width":"4.8","height":"24","fill":"#EA3B4D"},"children":[]},{"name":"rect","type":"element","value":"","attributes":{"y":"9.60001","width":"36","height":"4.8","fill":"#EA3B4D"},"children":[]},{"name":"path","type":"element","value":"","attributes":{"d":"M36 21.2998L27.6 15.5998H25.8L36 22.7998V21.2998Z","fill":"#EA3B4D"},"children":[]},{"name":"path","type":"element","value":"","attributes":{"d":"M0 2.7002L8.4 8.4002H10.2L0 1.2002V2.7002Z","fill":"#EA3B4D"},"children":[]},{"name":"path","type":"element","value":"","attributes":{"d":"M35.4 0L23.4 8.4H25.8L36 1.5V0H35.4Z","fill":"#EA3B4D"},"children":[]},{"name":"path","type":"element","value":"","attributes":{"d":"M0.599977 24L12.6 15.6H10.2L-2.38419e-05 22.5V24H0.599977Z","fill":"#EA3B4D"},"children":[]}]},{"name":"defs","type":"element","value":"","attributes":{},"children":[{"name":"clipPath","type":"element","value":"","attributes":{"id":"clip0_12_3214"},"children":[{"name":"rect","type":"element","value":"","attributes":{"width":"36","height":"24","fill":"white"},"children":[]}]}]}]}