{"name":"svg","type":"element","value":"","attributes":{"width":"36","height":"24","viewBox":"0 0 36 24","fill":"none","xmlns":"http://www.w3.org/2000/svg"},"children":[{"name":"g","type":"element","value":"","attributes":{"clip-path":"url(#clip0_12_2171)"},"children":[{"name":"rect","type":"element","value":"","attributes":{"width":"36","height":"24","fill":"#EA3B4D"},"children":[]},{"name":"rect","type":"element","value":"","attributes":{"width":"36","height":"7.2","fill":"#34ACD9"},"children":[]},{"name":"path","type":"element","value":"","attributes":{"d":"M8.92671 5.27676C8.31779 5.60804 7.57386 5.60624 6.96667 5.27202C6.35947 4.93779 5.97796 4.3201 5.96149 3.64458C5.95249 3.44998 5.97464 3.25521 6.02717 3.06716C6.3179 2.04663 7.40614 1.4447 8.46302 1.71985C8.57153 1.74844 8.67738 1.78578 8.77944 1.83148C8.81096 1.83835 8.8431 1.8227 8.85618 1.79413C8.86925 1.76555 8.85962 1.73202 8.83317 1.71407C8.17704 1.21733 7.30813 1.06948 6.5161 1.3198C5.72407 1.57012 5.11309 2.18569 4.88685 2.9613C4.75519 3.42635 4.77324 3.91918 4.9386 4.37406C5.3964 5.63267 6.8169 6.29985 8.12272 5.86957C8.43649 5.76689 8.72554 5.60386 8.97248 5.39032C8.99593 5.37347 9.00555 5.34398 8.99636 5.31718C8.98502 5.29022 8.95663 5.27375 8.92671 5.27676Z","fill":"white"},"children":[]},{"name":"rect","type":"element","value":"","attributes":{"y":"16.7998","width":"36","height":"7.2","fill":"#3CB732"},"children":[]},{"name":"rect","type":"element","value":"","attributes":{"y":"8.39999","width":"36","height":"7.2","fill":"white"},"children":[]},{"name":"circle","type":"element","value":"","attributes":{"cx":"10.8002","cy":"5.3998","r":"0.6","fill":"white"},"children":[]},{"name":"ellipse","type":"element","value":"","attributes":{"cx":"12.6","cy":"5.3998","rx":"0.6","ry":"0.6","fill":"white"},"children":[]},{"name":"ellipse","type":"element","value":"","attributes":{"cx":"14.3998","cy":"5.3998","rx":"0.6","ry":"0.6","fill":"white"},"children":[]},{"name":"ellipse","type":"element","value":"","attributes":{"cx":"16.2001","cy":"5.3998","rx":"0.6","ry":"0.6","fill":"white"},"children":[]},{"name":"ellipse","type":"element","value":"","attributes":{"cx":"17.9999","cy":"5.3998","rx":"0.599999","ry":"0.6","fill":"white"},"children":[]},{"name":"ellipse","type":"element","value":"","attributes":{"cx":"12.6","cy":"3.6","rx":"0.6","ry":"0.6","fill":"white"},"children":[]},{"name":"ellipse","type":"element","value":"","attributes":{"cx":"14.3998","cy":"3.6","rx":"0.6","ry":"0.6","fill":"white"},"children":[]},{"name":"circle","type":"element","value":"","attributes":{"cx":"16.1999","cy":"3.6","r":"0.6","fill":"white"},"children":[]},{"name":"ellipse","type":"element","value":"","attributes":{"cx":"18","cy":"3.6","rx":"0.599999","ry":"0.6","fill":"white"},"children":[]},{"name":"ellipse","type":"element","value":"","attributes":{"cx":"14.3998","cy":"1.8002","rx":"0.6","ry":"0.6","fill":"white"},"children":[]},{"name":"ellipse","type":"element","value":"","attributes":{"cx":"16.2001","cy":"1.8002","rx":"0.6","ry":"0.6","fill":"white"},"children":[]},{"name":"ellipse","type":"element","value":"","attributes":{"cx":"17.9999","cy":"1.8002","rx":"0.599999","ry":"0.6","fill":"white"},"children":[]}]},{"name":"defs","type":"element","value":"","attributes":{},"children":[{"name":"clipPath","type":"element","value":"","attributes":{"id":"clip0_12_2171"},"children":[{"name":"rect","type":"element","value":"","attributes":{"width":"36","height":"24","fill":"white"},"children":[]}]}]}]}