{"name":"svg","type":"element","value":"","attributes":{"width":"36","height":"24","viewBox":"0 0 36 24","fill":"none","xmlns":"http://www.w3.org/2000/svg"},"children":[{"name":"g","type":"element","value":"","attributes":{"clip-path":"url(#clip0_12_2201)"},"children":[{"name":"rect","type":"element","value":"","attributes":{"width":"36","height":"24","fill":"#3C434C"},"children":[]},{"name":"rect","type":"element","value":"","attributes":{"width":"36","height":"9","fill":"#EA3B4D"},"children":[]},{"name":"rect","type":"element","value":"","attributes":{"y":"15","width":"36","height":"9","fill":"#54A360"},"children":[]},{"name":"path","type":"element","value":"","attributes":{"fill-rule":"evenodd","clip-rule":"evenodd","d":"M24 12L1.91689e-05 0H2.6833L26.6833 12L2.68326 24L0 24L24 12Z","fill":"#3C434C"},"children":[]},{"name":"rect","type":"element","value":"","attributes":{"y":"10.2002","width":"36","height":"3.6","fill":"#FFC32C"},"children":[]},{"name":"path","type":"element","value":"","attributes":{"d":"M0 4.7998L14.4 11.9998L0 19.1998V4.7998Z","fill":"#FFC32C"},"children":[]},{"name":"path","type":"element","value":"","attributes":{"d":"M0 0L24 12L0 24V0Z","fill":"#FFC32C"},"children":[]},{"name":"path","type":"element","value":"","attributes":{"d":"M0 0L24 12L0 24V0Z","fill":"#FFC32C"},"children":[]},{"name":"path","type":"element","value":"","attributes":{"d":"M0 3.60001L16.8 12L0 20.4V3.60001Z","fill":"#3C434C"},"children":[]},{"name":"path","type":"element","value":"","attributes":{"fill-rule":"evenodd","clip-rule":"evenodd","d":"M4.7998 14.1C5.9596 14.1 6.8998 13.1598 6.8998 12C6.8998 10.8402 5.9596 9.9 4.7998 9.9C3.64001 9.9 2.6998 10.8402 2.6998 12C2.6998 13.1598 3.64001 14.1 4.7998 14.1ZM4.7998 15C6.45666 15 7.7998 13.6569 7.7998 12C7.7998 10.3431 6.45666 9 4.7998 9C3.14295 9 1.7998 10.3431 1.7998 12C1.7998 13.6569 3.14295 15 4.7998 15Z","fill":"#FFC32C"},"children":[]}]},{"name":"defs","type":"element","value":"","attributes":{},"children":[{"name":"clipPath","type":"element","value":"","attributes":{"id":"clip0_12_2201"},"children":[{"name":"rect","type":"element","value":"","attributes":{"width":"36","height":"24","fill":"white"},"children":[]}]}]}]}