{"name":"svg","type":"element","value":"","attributes":{"width":"36","height":"24","viewBox":"0 0 36 24","fill":"none","xmlns":"http://www.w3.org/2000/svg"},"children":[{"name":"g","type":"element","value":"","attributes":{"clip-path":"url(#clip0_12_2462)"},"children":[{"name":"rect","type":"element","value":"","attributes":{"width":"36","height":"24","fill":"#3958B4"},"children":[]},{"name":"rect","type":"element","value":"","attributes":{"width":"36","height":"7.8","fill":"#FFC32C"},"children":[]},{"name":"rect","type":"element","value":"","attributes":{"y":"16.2002","width":"36","height":"7.8","fill":"#EA3B4D"},"children":[]},{"name":"path","type":"element","value":"","attributes":{"d":"M18.0003 8.3999L18.4249 9.54597H19.8003L18.688 10.2525L19.1126 11.3986L18.0003 10.6907L16.888 11.3999L17.3126 10.2538L16.2003 9.54462H17.5757L18.0003 8.3999Z","fill":"white"},"children":[]},{"name":"path","type":"element","value":"","attributes":{"d":"M25.3503 12.2008L25.145 13.4056L26.3362 14.0933L25.0196 14.149L24.8143 15.3538L24.205 14.1847L22.8871 14.2427L23.8278 13.4625L23.2191 12.2921L24.4103 12.9798L25.3503 12.2008Z","fill":"white"},"children":[]},{"name":"path","type":"element","value":"","attributes":{"d":"M10.6503 12.201L11.591 12.9812L12.7822 12.2935L12.1721 13.4615L13.1129 14.2417L11.7957 14.1849L11.187 15.3552L10.9817 14.1504L9.66379 14.0923L10.8549 13.4046L10.6503 12.201Z","fill":"white"},"children":[]},{"name":"path","type":"element","value":"","attributes":{"d":"M14.0116 9.65131L14.7184 10.6484L16.0469 10.2925L15.1554 11.2628L15.8621 12.2599L14.6045 11.864L13.7137 12.837L13.8272 11.6201L12.5692 11.2229L13.8977 10.8669L14.0116 9.65131Z","fill":"white"},"children":[]},{"name":"path","type":"element","value":"","attributes":{"d":"M21.9889 9.65142L22.1024 10.8683L23.431 11.2243L22.1737 11.6189L22.2872 12.8358L21.396 11.8642L20.138 12.2613L20.8448 11.2642L19.954 10.2913L21.2825 10.6472L21.9889 9.65142Z","fill":"white"},"children":[]}]},{"name":"defs","type":"element","value":"","attributes":{},"children":[{"name":"clipPath","type":"element","value":"","attributes":{"id":"clip0_12_2462"},"children":[{"name":"rect","type":"element","value":"","attributes":{"width":"36","height":"24","fill":"white"},"children":[]}]}]}]}