{"name":"svg","type":"element","value":"","attributes":{"width":"36","height":"24","viewBox":"0 0 36 24","fill":"none","xmlns":"http://www.w3.org/2000/svg"},"children":[{"name":"rect","type":"element","value":"","attributes":{"width":"36","height":"24","fill":"#EA3B4D"},"children":[]},{"name":"path","type":"element","value":"","attributes":{"d":"M18 5.7002L19.5569 10.5137H24.6L20.5216 13.481L22.0785 18.2945L18 15.3215L13.9216 18.3002L15.4785 13.4867L11.4 10.508H16.4431L18 5.7002Z","fill":"#FFC32C"},"children":[]}]}