{"name":"svg","type":"element","value":"","attributes":{"width":"36","height":"24","viewBox":"0 0 36 24","fill":"none","xmlns":"http://www.w3.org/2000/svg"},"children":[{"name":"g","type":"element","value":"","attributes":{"clip-path":"url(#clip0_12_2722)"},"children":[{"name":"rect","type":"element","value":"","attributes":{"width":"36","height":"24","fill":"#54A360"},"children":[]},{"name":"rect","type":"element","value":"","attributes":{"y":"3.42871","width":"36","height":"3.42857","fill":"#FFC32C"},"children":[]},{"name":"rect","type":"element","value":"","attributes":{"y":"6.85693","width":"36","height":"3.42857","fill":"#EA3B4D"},"children":[]},{"name":"rect","type":"element","value":"","attributes":{"y":"10.2857","width":"36","height":"3.42857","fill":"#3C434C"},"children":[]},{"name":"rect","type":"element","value":"","attributes":{"y":"13.7143","width":"36","height":"3.42857","fill":"#EA3B4D"},"children":[]},{"name":"rect","type":"element","value":"","attributes":{"y":"17.1431","width":"36","height":"3.42857","fill":"#FFC32C"},"children":[]},{"name":"path","type":"element","value":"","attributes":{"d":"M0 0L18 12L0 24V0Z","fill":"white"},"children":[]},{"name":"path","type":"element","value":"","attributes":{"d":"M6.9 7.7998L7.82 10.5504H10.8L8.39 12.246L9.31 14.9966L6.9 13.2977L4.49 14.9998L5.41 12.2492L3 10.5471H5.98L6.9 7.7998Z","fill":"#EA3B4D"},"children":[]},{"name":"path","type":"element","value":"","attributes":{"d":"M5.22355 13.7987C5.15121 13.415 5.18129 13.0185 5.31062 12.6509L5.79241 11.289C5.90567 10.9507 5.85767 10.5776 5.66271 10.2809C5.46775 9.9842 5.14837 9.79824 4.7998 9.77847L5.20033 9.28487C5.37316 9.0722 5.6419 8.96755 5.90898 9.00889C6.17605 9.05024 6.40261 9.23158 6.50639 9.48707L6.84307 10.3256L9.53645 12.2762C9.58793 12.3138 9.61109 12.3803 9.5945 12.4427L9.01403 14.881C8.99804 14.9501 8.9382 14.9992 8.86891 15H5.57183C5.49861 15.0014 5.43498 14.9487 5.42091 14.8751L5.22355 13.7987Z","fill":"#FFC32C"},"children":[]}]},{"name":"defs","type":"element","value":"","attributes":{},"children":[{"name":"clipPath","type":"element","value":"","attributes":{"id":"clip0_12_2722"},"children":[{"name":"rect","type":"element","value":"","attributes":{"width":"36","height":"24","fill":"white"},"children":[]}]}]}]}